pay_period,employee_id,employee_name,department,job_title,monthly_base_salary_eur,overtime_and_allowances_eur,variable_bonus_eur,employer_social_charges_eur,benefits_cost_eur,total_employer_cost_eur,classification,synthetic_record
2026-01,E001,Sophie Lambert,Finance,Finance Director,8166.67,0,0,1078.0,1233.33,10478.0,FINANCE_RESTRICTED_PERSONAL,True
2026-02,E001,Sophie Lambert,Finance,Finance Director,8166.67,0,0,1078.0,1233.33,10478.0,FINANCE_RESTRICTED_PERSONAL,True
2026-03,E001,Sophie Lambert,Finance,Finance Director,8166.67,0,0,1078.0,1233.33,10478.0,FINANCE_RESTRICTED_PERSONAL,True
2026-04,E001,Sophie Lambert,Finance,Finance Director,8166.67,0,0,1078.0,1233.33,10478.0,FINANCE_RESTRICTED_PERSONAL,True
2026-05,E001,Sophie Lambert,Finance,Finance Director,8166.67,0,0,1078.0,1233.33,10478.0,FINANCE_RESTRICTED_PERSONAL,True
2026-06,E001,Sophie Lambert,Finance,Finance Director,8166.67,0,0,1078.0,1233.33,10478.0,FINANCE_RESTRICTED_PERSONAL,True
2026-07,E001,Sophie Lambert,Finance,Finance Director,8166.67,0,0,1078.0,1233.33,10478.0,FINANCE_RESTRICTED_PERSONAL,True
2026-08,E001,Sophie Lambert,Finance,Finance Director,8166.67,0,0,1078.0,1233.33,10478.0,FINANCE_RESTRICTED_PERSONAL,True
2026-09,E001,Sophie Lambert,Finance,Finance Director,8166.67,0,0,1078.0,1233.33,10478.0,FINANCE_RESTRICTED_PERSONAL,True
2026-10,E001,Sophie Lambert,Finance,Finance Director,8166.67,0,0,1078.0,1233.33,10478.0,FINANCE_RESTRICTED_PERSONAL,True
2026-11,E001,Sophie Lambert,Finance,Finance Director,8166.67,0,0,1078.0,1233.33,10478.0,FINANCE_RESTRICTED_PERSONAL,True
2026-12,E001,Sophie Lambert,Finance,Finance Director,8166.67,0,12164.4,2683.7,1233.33,24248.1,FINANCE_RESTRICTED_PERSONAL,True
2026-01,E002,Marc Hoffmann,Finance,Senior Financial Controller,6833.33,0,0,902.0,883.33,8618.66,FINANCE_RESTRICTED_PERSONAL,True
2026-02,E002,Marc Hoffmann,Finance,Senior Financial Controller,6833.33,0,0,902.0,883.33,8618.66,FINANCE_RESTRICTED_PERSONAL,True
2026-03,E002,Marc Hoffmann,Finance,Senior Financial Controller,6833.33,0,0,902.0,883.33,8618.66,FINANCE_RESTRICTED_PERSONAL,True
2026-04,E002,Marc Hoffmann,Finance,Senior Financial Controller,6833.33,0,0,902.0,883.33,8618.66,FINANCE_RESTRICTED_PERSONAL,True
2026-05,E002,Marc Hoffmann,Finance,Senior Financial Controller,6833.33,0,0,902.0,883.33,8618.66,FINANCE_RESTRICTED_PERSONAL,True
2026-06,E002,Marc Hoffmann,Finance,Senior Financial Controller,6833.33,0,0,902.0,883.33,8618.66,FINANCE_RESTRICTED_PERSONAL,True
2026-07,E002,Marc Hoffmann,Finance,Senior Financial Controller,6833.33,0,0,902.0,883.33,8618.66,FINANCE_RESTRICTED_PERSONAL,True
2026-08,E002,Marc Hoffmann,Finance,Senior Financial Controller,6833.33,0,0,902.0,883.33,8618.66,FINANCE_RESTRICTED_PERSONAL,True
2026-09,E002,Marc Hoffmann,Finance,Senior Financial Controller,6833.33,0,0,902.0,883.33,8618.66,FINANCE_RESTRICTED_PERSONAL,True
2026-10,E002,Marc Hoffmann,Finance,Senior Financial Controller,6833.33,0,0,902.0,883.33,8618.66,FINANCE_RESTRICTED_PERSONAL,True
2026-11,E002,Marc Hoffmann,Finance,Senior Financial Controller,6833.33,0,0,902.0,883.33,8618.66,FINANCE_RESTRICTED_PERSONAL,True
2026-12,E002,Marc Hoffmann,Finance,Senior Financial Controller,6833.33,0,7651.15,1911.95,883.33,17279.76,FINANCE_RESTRICTED_PERSONAL,True
2026-01,E003,Elena Rossi,Finance,Management Accountant,5833.33,0,0,770.0,383.33,6986.66,FINANCE_RESTRICTED_PERSONAL,True
2026-02,E003,Elena Rossi,Finance,Management Accountant,5833.33,0,0,770.0,383.33,6986.66,FINANCE_RESTRICTED_PERSONAL,True
2026-03,E003,Elena Rossi,Finance,Management Accountant,5833.33,0,0,770.0,383.33,6986.66,FINANCE_RESTRICTED_PERSONAL,True
2026-04,E003,Elena Rossi,Finance,Management Accountant,5833.33,0,0,770.0,383.33,6986.66,FINANCE_RESTRICTED_PERSONAL,True
2026-05,E003,Elena Rossi,Finance,Management Accountant,5833.33,0,0,770.0,383.33,6986.66,FINANCE_RESTRICTED_PERSONAL,True
2026-06,E003,Elena Rossi,Finance,Management Accountant,5833.33,0,0,770.0,383.33,6986.66,FINANCE_RESTRICTED_PERSONAL,True
2026-07,E003,Elena Rossi,Finance,Management Accountant,5833.33,0,0,770.0,383.33,6986.66,FINANCE_RESTRICTED_PERSONAL,True
2026-08,E003,Elena Rossi,Finance,Management Accountant,5833.33,0,0,770.0,383.33,6986.66,FINANCE_RESTRICTED_PERSONAL,True
2026-09,E003,Elena Rossi,Finance,Management Accountant,5833.33,0,0,770.0,383.33,6986.66,FINANCE_RESTRICTED_PERSONAL,True
2026-10,E003,Elena Rossi,Finance,Management Accountant,5833.33,0,0,770.0,383.33,6986.66,FINANCE_RESTRICTED_PERSONAL,True
2026-11,E003,Elena Rossi,Finance,Management Accountant,5833.33,0,0,770.0,383.33,6986.66,FINANCE_RESTRICTED_PERSONAL,True
2026-12,E003,Elena Rossi,Finance,Management Accountant,5833.33,0,4580.31,1374.6,383.33,12171.57,FINANCE_RESTRICTED_PERSONAL,True
2026-01,E004,Thomas Weber,Finance,Payroll & Benefits Specialist,5500.0,0,0,726.0,383.33,6609.33,FINANCE_RESTRICTED_PERSONAL,True
2026-02,E004,Thomas Weber,Finance,Payroll & Benefits Specialist,5500.0,0,0,726.0,383.33,6609.33,FINANCE_RESTRICTED_PERSONAL,True
2026-03,E004,Thomas Weber,Finance,Payroll & Benefits Specialist,5500.0,0,0,726.0,383.33,6609.33,FINANCE_RESTRICTED_PERSONAL,True
2026-04,E004,Thomas Weber,Finance,Payroll & Benefits Specialist,5500.0,0,0,726.0,383.33,6609.33,FINANCE_RESTRICTED_PERSONAL,True
2026-05,E004,Thomas Weber,Finance,Payroll & Benefits Specialist,5500.0,0,0,726.0,383.33,6609.33,FINANCE_RESTRICTED_PERSONAL,True
2026-06,E004,Thomas Weber,Finance,Payroll & Benefits Specialist,5500.0,0,0,726.0,383.33,6609.33,FINANCE_RESTRICTED_PERSONAL,True
2026-07,E004,Thomas Weber,Finance,Payroll & Benefits Specialist,5500.0,0,0,726.0,383.33,6609.33,FINANCE_RESTRICTED_PERSONAL,True
2026-08,E004,Thomas Weber,Finance,Payroll & Benefits Specialist,5500.0,0,0,726.0,383.33,6609.33,FINANCE_RESTRICTED_PERSONAL,True
2026-09,E004,Thomas Weber,Finance,Payroll & Benefits Specialist,5500.0,0,0,726.0,383.33,6609.33,FINANCE_RESTRICTED_PERSONAL,True
2026-10,E004,Thomas Weber,Finance,Payroll & Benefits Specialist,5500.0,0,0,726.0,383.33,6609.33,FINANCE_RESTRICTED_PERSONAL,True
2026-11,E004,Thomas Weber,Finance,Payroll & Benefits Specialist,5500.0,0,0,726.0,383.33,6609.33,FINANCE_RESTRICTED_PERSONAL,True
2026-12,E004,Thomas Weber,Finance,Payroll & Benefits Specialist,5500.0,0,3241.66,1153.9,383.33,10278.89,FINANCE_RESTRICTED_PERSONAL,True
2026-01,E005,Nadia Benali,Finance,Financial Analyst,5166.67,0,0,682.0,383.33,6232.0,FINANCE_RESTRICTED_PERSONAL,True
2026-02,E005,Nadia Benali,Finance,Financial Analyst,5166.67,0,0,682.0,383.33,6232.0,FINANCE_RESTRICTED_PERSONAL,True
2026-03,E005,Nadia Benali,Finance,Financial Analyst,5166.67,0,0,682.0,383.33,6232.0,FINANCE_RESTRICTED_PERSONAL,True
2026-04,E005,Nadia Benali,Finance,Financial Analyst,5166.67,0,0,682.0,383.33,6232.0,FINANCE_RESTRICTED_PERSONAL,True
2026-05,E005,Nadia Benali,Finance,Financial Analyst,5166.67,0,0,682.0,383.33,6232.0,FINANCE_RESTRICTED_PERSONAL,True
2026-06,E005,Nadia Benali,Finance,Financial Analyst,5166.67,0,0,682.0,383.33,6232.0,FINANCE_RESTRICTED_PERSONAL,True
2026-07,E005,Nadia Benali,Finance,Financial Analyst,5166.67,0,0,682.0,383.33,6232.0,FINANCE_RESTRICTED_PERSONAL,True
2026-08,E005,Nadia Benali,Finance,Financial Analyst,5166.67,0,0,682.0,383.33,6232.0,FINANCE_RESTRICTED_PERSONAL,True
2026-09,E005,Nadia Benali,Finance,Financial Analyst,5166.67,0,0,682.0,383.33,6232.0,FINANCE_RESTRICTED_PERSONAL,True
2026-10,E005,Nadia Benali,Finance,Financial Analyst,5166.67,0,0,682.0,383.33,6232.0,FINANCE_RESTRICTED_PERSONAL,True
2026-11,E005,Nadia Benali,Finance,Financial Analyst,5166.67,0,0,682.0,383.33,6232.0,FINANCE_RESTRICTED_PERSONAL,True
2026-12,E005,Nadia Benali,Finance,Financial Analyst,5166.67,0,3425.14,1134.12,383.33,10109.26,FINANCE_RESTRICTED_PERSONAL,True
2026-01,E006,Jean Schmit,Executive,Chief Executive Officer,15000.0,0,0,1980.0,1233.33,18213.33,FINANCE_RESTRICTED_PERSONAL,True
2026-02,E006,Jean Schmit,Executive,Chief Executive Officer,15000.0,0,0,1980.0,1233.33,18213.33,FINANCE_RESTRICTED_PERSONAL,True
2026-03,E006,Jean Schmit,Executive,Chief Executive Officer,15000.0,0,0,1980.0,1233.33,18213.33,FINANCE_RESTRICTED_PERSONAL,True
2026-04,E006,Jean Schmit,Executive,Chief Executive Officer,15000.0,0,0,1980.0,1233.33,18213.33,FINANCE_RESTRICTED_PERSONAL,True
2026-05,E006,Jean Schmit,Executive,Chief Executive Officer,15000.0,0,0,1980.0,1233.33,18213.33,FINANCE_RESTRICTED_PERSONAL,True
2026-06,E006,Jean Schmit,Executive,Chief Executive Officer,15000.0,0,0,1980.0,1233.33,18213.33,FINANCE_RESTRICTED_PERSONAL,True
2026-07,E006,Jean Schmit,Executive,Chief Executive Officer,15000.0,0,0,1980.0,1233.33,18213.33,FINANCE_RESTRICTED_PERSONAL,True
2026-08,E006,Jean Schmit,Executive,Chief Executive Officer,15000.0,0,0,1980.0,1233.33,18213.33,FINANCE_RESTRICTED_PERSONAL,True
2026-09,E006,Jean Schmit,Executive,Chief Executive Officer,15000.0,0,0,1980.0,1233.33,18213.33,FINANCE_RESTRICTED_PERSONAL,True
2026-10,E006,Jean Schmit,Executive,Chief Executive Officer,15000.0,0,0,1980.0,1233.33,18213.33,FINANCE_RESTRICTED_PERSONAL,True
2026-11,E006,Jean Schmit,Executive,Chief Executive Officer,15000.0,0,0,1980.0,1233.33,18213.33,FINANCE_RESTRICTED_PERSONAL,True
2026-12,E006,Jean Schmit,Executive,Chief Executive Officer,15000.0,0,39417.36,7183.09,1233.33,62833.78,FINANCE_RESTRICTED_PERSONAL,True
2026-01,E007,Claire Muller,Executive,Chief Financial Officer,12916.67,0,0,1705.0,1233.33,15855.0,FINANCE_RESTRICTED_PERSONAL,True
2026-02,E007,Claire Muller,Executive,Chief Financial Officer,12916.67,0,0,1705.0,1233.33,15855.0,FINANCE_RESTRICTED_PERSONAL,True
2026-03,E007,Claire Muller,Executive,Chief Financial Officer,12916.67,0,0,1705.0,1233.33,15855.0,FINANCE_RESTRICTED_PERSONAL,True
2026-04,E007,Claire Muller,Executive,Chief Financial Officer,12916.67,0,0,1705.0,1233.33,15855.0,FINANCE_RESTRICTED_PERSONAL,True
2026-05,E007,Claire Muller,Executive,Chief Financial Officer,12916.67,0,0,1705.0,1233.33,15855.0,FINANCE_RESTRICTED_PERSONAL,True
2026-06,E007,Claire Muller,Executive,Chief Financial Officer,12916.67,0,0,1705.0,1233.33,15855.0,FINANCE_RESTRICTED_PERSONAL,True
2026-07,E007,Claire Muller,Executive,Chief Financial Officer,12916.67,0,0,1705.0,1233.33,15855.0,FINANCE_RESTRICTED_PERSONAL,True
2026-08,E007,Claire Muller,Executive,Chief Financial Officer,12916.67,0,0,1705.0,1233.33,15855.0,FINANCE_RESTRICTED_PERSONAL,True
2026-09,E007,Claire Muller,Executive,Chief Financial Officer,12916.67,0,0,1705.0,1233.33,15855.0,FINANCE_RESTRICTED_PERSONAL,True
2026-10,E007,Claire Muller,Executive,Chief Financial Officer,12916.67,0,0,1705.0,1233.33,15855.0,FINANCE_RESTRICTED_PERSONAL,True
2026-11,E007,Claire Muller,Executive,Chief Financial Officer,12916.67,0,0,1705.0,1233.33,15855.0,FINANCE_RESTRICTED_PERSONAL,True
2026-12,E007,Claire Muller,Executive,Chief Financial Officer,12916.67,0,25195.35,5030.79,1233.33,44376.14,FINANCE_RESTRICTED_PERSONAL,True
2026-01,E008,Luca Conti,Executive,Chief Technology Officer,13333.33,0,0,1760.0,1233.33,16326.66,FINANCE_RESTRICTED_PERSONAL,True
2026-02,E008,Luca Conti,Executive,Chief Technology Officer,13333.33,0,0,1760.0,1233.33,16326.66,FINANCE_RESTRICTED_PERSONAL,True
2026-03,E008,Luca Conti,Executive,Chief Technology Officer,13333.33,0,0,1760.0,1233.33,16326.66,FINANCE_RESTRICTED_PERSONAL,True
2026-04,E008,Luca Conti,Executive,Chief Technology Officer,13333.33,0,0,1760.0,1233.33,16326.66,FINANCE_RESTRICTED_PERSONAL,True
2026-05,E008,Luca Conti,Executive,Chief Technology Officer,13333.33,0,0,1760.0,1233.33,16326.66,FINANCE_RESTRICTED_PERSONAL,True
2026-06,E008,Luca Conti,Executive,Chief Technology Officer,13333.33,0,0,1760.0,1233.33,16326.66,FINANCE_RESTRICTED_PERSONAL,True
2026-07,E008,Luca Conti,Executive,Chief Technology Officer,13333.33,0,0,1760.0,1233.33,16326.66,FINANCE_RESTRICTED_PERSONAL,True
2026-08,E008,Luca Conti,Executive,Chief Technology Officer,13333.33,0,0,1760.0,1233.33,16326.66,FINANCE_RESTRICTED_PERSONAL,True
2026-09,E008,Luca Conti,Executive,Chief Technology Officer,13333.33,0,0,1760.0,1233.33,16326.66,FINANCE_RESTRICTED_PERSONAL,True
2026-10,E008,Luca Conti,Executive,Chief Technology Officer,13333.33,0,0,1760.0,1233.33,16326.66,FINANCE_RESTRICTED_PERSONAL,True
2026-11,E008,Luca Conti,Executive,Chief Technology Officer,13333.33,0,0,1760.0,1233.33,16326.66,FINANCE_RESTRICTED_PERSONAL,True
2026-12,E008,Luca Conti,Executive,Chief Technology Officer,13333.33,0,28591.82,5534.12,1233.33,48692.6,FINANCE_RESTRICTED_PERSONAL,True
2026-01,E009,Amélie Dubois,Executive,Chief Operating Officer,12500.0,0,0,1650.0,1233.33,15383.33,FINANCE_RESTRICTED_PERSONAL,True
2026-02,E009,Amélie Dubois,Executive,Chief Operating Officer,12500.0,0,0,1650.0,1233.33,15383.33,FINANCE_RESTRICTED_PERSONAL,True
2026-03,E009,Amélie Dubois,Executive,Chief Operating Officer,12500.0,0,0,1650.0,1233.33,15383.33,FINANCE_RESTRICTED_PERSONAL,True
2026-04,E009,Amélie Dubois,Executive,Chief Operating Officer,12500.0,0,0,1650.0,1233.33,15383.33,FINANCE_RESTRICTED_PERSONAL,True
2026-05,E009,Amélie Dubois,Executive,Chief Operating Officer,12500.0,0,0,1650.0,1233.33,15383.33,FINANCE_RESTRICTED_PERSONAL,True
2026-06,E009,Amélie Dubois,Executive,Chief Operating Officer,12500.0,0,0,1650.0,1233.33,15383.33,FINANCE_RESTRICTED_PERSONAL,True
2026-07,E009,Amélie Dubois,Executive,Chief Operating Officer,12500.0,0,0,1650.0,1233.33,15383.33,FINANCE_RESTRICTED_PERSONAL,True
2026-08,E009,Amélie Dubois,Executive,Chief Operating Officer,12500.0,0,0,1650.0,1233.33,15383.33,FINANCE_RESTRICTED_PERSONAL,True
2026-09,E009,Amélie Dubois,Executive,Chief Operating Officer,12500.0,0,0,1650.0,1233.33,15383.33,FINANCE_RESTRICTED_PERSONAL,True
2026-10,E009,Amélie Dubois,Executive,Chief Operating Officer,12500.0,0,0,1650.0,1233.33,15383.33,FINANCE_RESTRICTED_PERSONAL,True
2026-11,E009,Amélie Dubois,Executive,Chief Operating Officer,12500.0,0,0,1650.0,1233.33,15383.33,FINANCE_RESTRICTED_PERSONAL,True
2026-12,E009,Amélie Dubois,Executive,Chief Operating Officer,12500.0,0,22443.6,4612.56,1233.33,40789.49,FINANCE_RESTRICTED_PERSONAL,True
2026-01,E010,David Martin,Project Management,PMO Director,8750.0,0,0,1155.0,1233.33,11138.33,FINANCE_RESTRICTED_PERSONAL,True
2026-02,E010,David Martin,Project Management,PMO Director,8750.0,0,0,1155.0,1233.33,11138.33,FINANCE_RESTRICTED_PERSONAL,True
2026-03,E010,David Martin,Project Management,PMO Director,8750.0,0,0,1155.0,1233.33,11138.33,FINANCE_RESTRICTED_PERSONAL,True
2026-04,E010,David Martin,Project Management,PMO Director,8750.0,0,0,1155.0,1233.33,11138.33,FINANCE_RESTRICTED_PERSONAL,True
2026-05,E010,David Martin,Project Management,PMO Director,8750.0,0,0,1155.0,1233.33,11138.33,FINANCE_RESTRICTED_PERSONAL,True
2026-06,E010,David Martin,Project Management,PMO Director,8750.0,0,0,1155.0,1233.33,11138.33,FINANCE_RESTRICTED_PERSONAL,True
2026-07,E010,David Martin,Project Management,PMO Director,8750.0,0,0,1155.0,1233.33,11138.33,FINANCE_RESTRICTED_PERSONAL,True
2026-08,E010,David Martin,Project Management,PMO Director,8750.0,0,0,1155.0,1233.33,11138.33,FINANCE_RESTRICTED_PERSONAL,True
2026-09,E010,David Martin,Project Management,PMO Director,8750.0,0,0,1155.0,1233.33,11138.33,FINANCE_RESTRICTED_PERSONAL,True
2026-10,E010,David Martin,Project Management,PMO Director,8750.0,0,0,1155.0,1233.33,11138.33,FINANCE_RESTRICTED_PERSONAL,True
2026-11,E010,David Martin,Project Management,PMO Director,8750.0,0,0,1155.0,1233.33,11138.33,FINANCE_RESTRICTED_PERSONAL,True
2026-12,E010,David Martin,Project Management,PMO Director,8750.0,0,16265.49,3302.04,1233.33,29550.86,FINANCE_RESTRICTED_PERSONAL,True
2026-01,E011,Maya Fernandes,Project Management,Senior Project Manager,7333.33,0,0,968.0,883.33,9184.66,FINANCE_RESTRICTED_PERSONAL,True
2026-02,E011,Maya Fernandes,Project Management,Senior Project Manager,7333.33,0,0,968.0,883.33,9184.66,FINANCE_RESTRICTED_PERSONAL,True
2026-03,E011,Maya Fernandes,Project Management,Senior Project Manager,7333.33,0,0,968.0,883.33,9184.66,FINANCE_RESTRICTED_PERSONAL,True
2026-04,E011,Maya Fernandes,Project Management,Senior Project Manager,7333.33,0,0,968.0,883.33,9184.66,FINANCE_RESTRICTED_PERSONAL,True
2026-05,E011,Maya Fernandes,Project Management,Senior Project Manager,7333.33,0,0,968.0,883.33,9184.66,FINANCE_RESTRICTED_PERSONAL,True
2026-06,E011,Maya Fernandes,Project Management,Senior Project Manager,7333.33,0,0,968.0,883.33,9184.66,FINANCE_RESTRICTED_PERSONAL,True
2026-07,E011,Maya Fernandes,Project Management,Senior Project Manager,7333.33,0,0,968.0,883.33,9184.66,FINANCE_RESTRICTED_PERSONAL,True
2026-08,E011,Maya Fernandes,Project Management,Senior Project Manager,7333.33,0,0,968.0,883.33,9184.66,FINANCE_RESTRICTED_PERSONAL,True
2026-09,E011,Maya Fernandes,Project Management,Senior Project Manager,7333.33,0,0,968.0,883.33,9184.66,FINANCE_RESTRICTED_PERSONAL,True
2026-10,E011,Maya Fernandes,Project Management,Senior Project Manager,7333.33,0,0,968.0,883.33,9184.66,FINANCE_RESTRICTED_PERSONAL,True
2026-11,E011,Maya Fernandes,Project Management,Senior Project Manager,7333.33,0,0,968.0,883.33,9184.66,FINANCE_RESTRICTED_PERSONAL,True
2026-12,E011,Maya Fernandes,Project Management,Senior Project Manager,7333.33,0,7763.18,1992.74,883.33,17972.58,FINANCE_RESTRICTED_PERSONAL,True
2026-01,E012,Julien Bernard,Project Management,Senior Project Manager,7166.67,0,0,946.0,883.33,8996.0,FINANCE_RESTRICTED_PERSONAL,True
2026-02,E012,Julien Bernard,Project Management,Senior Project Manager,7166.67,0,0,946.0,883.33,8996.0,FINANCE_RESTRICTED_PERSONAL,True
2026-03,E012,Julien Bernard,Project Management,Senior Project Manager,7166.67,0,0,946.0,883.33,8996.0,FINANCE_RESTRICTED_PERSONAL,True
2026-04,E012,Julien Bernard,Project Management,Senior Project Manager,7166.67,0,0,946.0,883.33,8996.0,FINANCE_RESTRICTED_PERSONAL,True
2026-05,E012,Julien Bernard,Project Management,Senior Project Manager,7166.67,0,0,946.0,883.33,8996.0,FINANCE_RESTRICTED_PERSONAL,True
2026-06,E012,Julien Bernard,Project Management,Senior Project Manager,7166.67,0,0,946.0,883.33,8996.0,FINANCE_RESTRICTED_PERSONAL,True
2026-07,E012,Julien Bernard,Project Management,Senior Project Manager,7166.67,0,0,946.0,883.33,8996.0,FINANCE_RESTRICTED_PERSONAL,True
2026-08,E012,Julien Bernard,Project Management,Senior Project Manager,7166.67,0,0,946.0,883.33,8996.0,FINANCE_RESTRICTED_PERSONAL,True
2026-09,E012,Julien Bernard,Project Management,Senior Project Manager,7166.67,0,0,946.0,883.33,8996.0,FINANCE_RESTRICTED_PERSONAL,True
2026-10,E012,Julien Bernard,Project Management,Senior Project Manager,7166.67,0,0,946.0,883.33,8996.0,FINANCE_RESTRICTED_PERSONAL,True
2026-11,E012,Julien Bernard,Project Management,Senior Project Manager,7166.67,0,0,946.0,883.33,8996.0,FINANCE_RESTRICTED_PERSONAL,True
2026-12,E012,Julien Bernard,Project Management,Senior Project Manager,7166.67,0,8100.31,2015.24,883.33,18165.55,FINANCE_RESTRICTED_PERSONAL,True
2026-01,E013,Sara Khan,Project Management,Project Manager,6333.33,0,0,836.0,383.33,7552.66,FINANCE_RESTRICTED_PERSONAL,True
2026-02,E013,Sara Khan,Project Management,Project Manager,6333.33,0,0,836.0,383.33,7552.66,FINANCE_RESTRICTED_PERSONAL,True
2026-03,E013,Sara Khan,Project Management,Project Manager,6333.33,0,0,836.0,383.33,7552.66,FINANCE_RESTRICTED_PERSONAL,True
2026-04,E013,Sara Khan,Project Management,Project Manager,6333.33,0,0,836.0,383.33,7552.66,FINANCE_RESTRICTED_PERSONAL,True
2026-05,E013,Sara Khan,Project Management,Project Manager,6333.33,0,0,836.0,383.33,7552.66,FINANCE_RESTRICTED_PERSONAL,True
2026-06,E013,Sara Khan,Project Management,Project Manager,6333.33,0,0,836.0,383.33,7552.66,FINANCE_RESTRICTED_PERSONAL,True
2026-07,E013,Sara Khan,Project Management,Project Manager,6333.33,0,0,836.0,383.33,7552.66,FINANCE_RESTRICTED_PERSONAL,True
2026-08,E013,Sara Khan,Project Management,Project Manager,6333.33,0,0,836.0,383.33,7552.66,FINANCE_RESTRICTED_PERSONAL,True
2026-09,E013,Sara Khan,Project Management,Project Manager,6333.33,0,0,836.0,383.33,7552.66,FINANCE_RESTRICTED_PERSONAL,True
2026-10,E013,Sara Khan,Project Management,Project Manager,6333.33,0,0,836.0,383.33,7552.66,FINANCE_RESTRICTED_PERSONAL,True
2026-11,E013,Sara Khan,Project Management,Project Manager,6333.33,0,0,836.0,383.33,7552.66,FINANCE_RESTRICTED_PERSONAL,True
2026-12,E013,Sara Khan,Project Management,Project Manager,6333.33,0,5450.63,1555.48,383.33,13722.77,FINANCE_RESTRICTED_PERSONAL,True
2026-01,E014,Nicolas Wagner,Project Management,Project Manager,6166.67,0,0,814.0,383.33,7364.0,FINANCE_RESTRICTED_PERSONAL,True
2026-02,E014,Nicolas Wagner,Project Management,Project Manager,6166.67,0,0,814.0,383.33,7364.0,FINANCE_RESTRICTED_PERSONAL,True
2026-03,E014,Nicolas Wagner,Project Management,Project Manager,6166.67,0,0,814.0,383.33,7364.0,FINANCE_RESTRICTED_PERSONAL,True
2026-04,E014,Nicolas Wagner,Project Management,Project Manager,6166.67,0,0,814.0,383.33,7364.0,FINANCE_RESTRICTED_PERSONAL,True
2026-05,E014,Nicolas Wagner,Project Management,Project Manager,6166.67,0,0,814.0,383.33,7364.0,FINANCE_RESTRICTED_PERSONAL,True
2026-06,E014,Nicolas Wagner,Project Management,Project Manager,6166.67,0,0,814.0,383.33,7364.0,FINANCE_RESTRICTED_PERSONAL,True
2026-07,E014,Nicolas Wagner,Project Management,Project Manager,6166.67,0,0,814.0,383.33,7364.0,FINANCE_RESTRICTED_PERSONAL,True
2026-08,E014,Nicolas Wagner,Project Management,Project Manager,6166.67,0,0,814.0,383.33,7364.0,FINANCE_RESTRICTED_PERSONAL,True
2026-09,E014,Nicolas Wagner,Project Management,Project Manager,6166.67,0,0,814.0,383.33,7364.0,FINANCE_RESTRICTED_PERSONAL,True
2026-10,E014,Nicolas Wagner,Project Management,Project Manager,6166.67,0,0,814.0,383.33,7364.0,FINANCE_RESTRICTED_PERSONAL,True
2026-11,E014,Nicolas Wagner,Project Management,Project Manager,6166.67,0,0,814.0,383.33,7364.0,FINANCE_RESTRICTED_PERSONAL,True
2026-12,E014,Nicolas Wagner,Project Management,Project Manager,6166.67,0,5360.83,1521.63,383.33,13432.46,FINANCE_RESTRICTED_PERSONAL,True
2026-01,E015,Inès Petit,Project Management,PMO Analyst,5083.33,0,0,671.0,383.33,6137.66,FINANCE_RESTRICTED_PERSONAL,True
2026-02,E015,Inès Petit,Project Management,PMO Analyst,5083.33,0,0,671.0,383.33,6137.66,FINANCE_RESTRICTED_PERSONAL,True
2026-03,E015,Inès Petit,Project Management,PMO Analyst,5083.33,0,0,671.0,383.33,6137.66,FINANCE_RESTRICTED_PERSONAL,True
2026-04,E015,Inès Petit,Project Management,PMO Analyst,5083.33,0,0,671.0,383.33,6137.66,FINANCE_RESTRICTED_PERSONAL,True
2026-05,E015,Inès Petit,Project Management,PMO Analyst,5083.33,0,0,671.0,383.33,6137.66,FINANCE_RESTRICTED_PERSONAL,True
2026-06,E015,Inès Petit,Project Management,PMO Analyst,5083.33,0,0,671.0,383.33,6137.66,FINANCE_RESTRICTED_PERSONAL,True
2026-07,E015,Inès Petit,Project Management,PMO Analyst,5083.33,0,0,671.0,383.33,6137.66,FINANCE_RESTRICTED_PERSONAL,True
2026-08,E015,Inès Petit,Project Management,PMO Analyst,5083.33,0,0,671.0,383.33,6137.66,FINANCE_RESTRICTED_PERSONAL,True
2026-09,E015,Inès Petit,Project Management,PMO Analyst,5083.33,0,0,671.0,383.33,6137.66,FINANCE_RESTRICTED_PERSONAL,True
2026-10,E015,Inès Petit,Project Management,PMO Analyst,5083.33,0,0,671.0,383.33,6137.66,FINANCE_RESTRICTED_PERSONAL,True
2026-11,E015,Inès Petit,Project Management,PMO Analyst,5083.33,0,0,671.0,383.33,6137.66,FINANCE_RESTRICTED_PERSONAL,True
2026-12,E015,Inès Petit,Project Management,PMO Analyst,5083.33,0,3012.83,1068.69,383.33,9548.18,FINANCE_RESTRICTED_PERSONAL,True
2026-01,E016,Olivier Lefevre,Project Management,Resource Manager,6000.0,0,0,792.0,383.33,7175.33,FINANCE_RESTRICTED_PERSONAL,True
2026-02,E016,Olivier Lefevre,Project Management,Resource Manager,6000.0,0,0,792.0,383.33,7175.33,FINANCE_RESTRICTED_PERSONAL,True
2026-03,E016,Olivier Lefevre,Project Management,Resource Manager,6000.0,0,0,792.0,383.33,7175.33,FINANCE_RESTRICTED_PERSONAL,True
2026-04,E016,Olivier Lefevre,Project Management,Resource Manager,6000.0,0,0,792.0,383.33,7175.33,FINANCE_RESTRICTED_PERSONAL,True
2026-05,E016,Olivier Lefevre,Project Management,Resource Manager,6000.0,0,0,792.0,383.33,7175.33,FINANCE_RESTRICTED_PERSONAL,True
2026-06,E016,Olivier Lefevre,Project Management,Resource Manager,6000.0,0,0,792.0,383.33,7175.33,FINANCE_RESTRICTED_PERSONAL,True
2026-07,E016,Olivier Lefevre,Project Management,Resource Manager,6000.0,0,0,792.0,383.33,7175.33,FINANCE_RESTRICTED_PERSONAL,True
2026-08,E016,Olivier Lefevre,Project Management,Resource Manager,6000.0,0,0,792.0,383.33,7175.33,FINANCE_RESTRICTED_PERSONAL,True
2026-09,E016,Olivier Lefevre,Project Management,Resource Manager,6000.0,0,0,792.0,383.33,7175.33,FINANCE_RESTRICTED_PERSONAL,True
2026-10,E016,Olivier Lefevre,Project Management,Resource Manager,6000.0,0,0,792.0,383.33,7175.33,FINANCE_RESTRICTED_PERSONAL,True
2026-11,E016,Olivier Lefevre,Project Management,Resource Manager,6000.0,0,0,792.0,383.33,7175.33,FINANCE_RESTRICTED_PERSONAL,True
2026-12,E016,Olivier Lefevre,Project Management,Resource Manager,6000.0,0,5578.34,1528.34,383.33,13490.01,FINANCE_RESTRICTED_PERSONAL,True
2026-01,E017,Amina Amar,Data & AI,Principal Data & AI Architect,10166.67,0,0,1342.0,1233.33,12742.0,FINANCE_RESTRICTED_PERSONAL,True
2026-02,E017,Amina Amar,Data & AI,Principal Data & AI Architect,10166.67,0,0,1342.0,1233.33,12742.0,FINANCE_RESTRICTED_PERSONAL,True
2026-03,E017,Amina Amar,Data & AI,Principal Data & AI Architect,10166.67,348.18,0,1387.96,1233.33,13136.14,FINANCE_RESTRICTED_PERSONAL,True
2026-04,E017,Amina Amar,Data & AI,Principal Data & AI Architect,10166.67,0,0,1342.0,1233.33,12742.0,FINANCE_RESTRICTED_PERSONAL,True
2026-05,E017,Amina Amar,Data & AI,Principal Data & AI Architect,10166.67,0,0,1342.0,1233.33,12742.0,FINANCE_RESTRICTED_PERSONAL,True
2026-06,E017,Amina Amar,Data & AI,Principal Data & AI Architect,10166.67,281.84,0,1379.2,1233.33,13061.04,FINANCE_RESTRICTED_PERSONAL,True
2026-07,E017,Amina Amar,Data & AI,Principal Data & AI Architect,10166.67,0,0,1342.0,1233.33,12742.0,FINANCE_RESTRICTED_PERSONAL,True
2026-08,E017,Amina Amar,Data & AI,Principal Data & AI Architect,10166.67,0,0,1342.0,1233.33,12742.0,FINANCE_RESTRICTED_PERSONAL,True
2026-09,E017,Amina Amar,Data & AI,Principal Data & AI Architect,10166.67,176.2,0,1365.26,1233.33,12941.46,FINANCE_RESTRICTED_PERSONAL,True
2026-10,E017,Amina Amar,Data & AI,Principal Data & AI Architect,10166.67,0,0,1342.0,1233.33,12742.0,FINANCE_RESTRICTED_PERSONAL,True
2026-11,E017,Amina Amar,Data & AI,Principal Data & AI Architect,10166.67,353.7,0,1388.69,1233.33,13142.39,FINANCE_RESTRICTED_PERSONAL,True
2026-12,E017,Amina Amar,Data & AI,Principal Data & AI Architect,10166.67,0,16565.68,3528.67,1233.33,31494.35,FINANCE_RESTRICTED_PERSONAL,True
2026-01,E018,Gabriel Simon,Data & AI,Senior Data Architect,8333.33,0,0,1100.0,1233.33,10666.66,FINANCE_RESTRICTED_PERSONAL,True
2026-02,E018,Gabriel Simon,Data & AI,Senior Data Architect,8333.33,0,0,1100.0,1233.33,10666.66,FINANCE_RESTRICTED_PERSONAL,True
2026-03,E018,Gabriel Simon,Data & AI,Senior Data Architect,8333.33,117.89,0,1115.56,1233.33,10800.11,FINANCE_RESTRICTED_PERSONAL,True
2026-04,E018,Gabriel Simon,Data & AI,Senior Data Architect,8333.33,0,0,1100.0,1233.33,10666.66,FINANCE_RESTRICTED_PERSONAL,True
2026-05,E018,Gabriel Simon,Data & AI,Senior Data Architect,8333.33,0,0,1100.0,1233.33,10666.66,FINANCE_RESTRICTED_PERSONAL,True
2026-06,E018,Gabriel Simon,Data & AI,Senior Data Architect,8333.33,109.37,0,1114.44,1233.33,10790.47,FINANCE_RESTRICTED_PERSONAL,True
2026-07,E018,Gabriel Simon,Data & AI,Senior Data Architect,8333.33,0,0,1100.0,1233.33,10666.66,FINANCE_RESTRICTED_PERSONAL,True
2026-08,E018,Gabriel Simon,Data & AI,Senior Data Architect,8333.33,0,0,1100.0,1233.33,10666.66,FINANCE_RESTRICTED_PERSONAL,True
2026-09,E018,Gabriel Simon,Data & AI,Senior Data Architect,8333.33,210.81,0,1127.83,1233.33,10905.3,FINANCE_RESTRICTED_PERSONAL,True
2026-10,E018,Gabriel Simon,Data & AI,Senior Data Architect,8333.33,0,0,1100.0,1233.33,10666.66,FINANCE_RESTRICTED_PERSONAL,True
2026-11,E018,Gabriel Simon,Data & AI,Senior Data Architect,8333.33,256.68,0,1133.88,1233.33,10957.22,FINANCE_RESTRICTED_PERSONAL,True
2026-12,E018,Gabriel Simon,Data & AI,Senior Data Architect,8333.33,0,11023.89,2555.15,1233.33,23145.7,FINANCE_RESTRICTED_PERSONAL,True
2026-01,E019,Eva Moreau,Data & AI,Senior AI Engineer,8500.0,0,0,1122.0,1233.33,10855.33,FINANCE_RESTRICTED_PERSONAL,True
2026-02,E019,Eva Moreau,Data & AI,Senior AI Engineer,8500.0,0,0,1122.0,1233.33,10855.33,FINANCE_RESTRICTED_PERSONAL,True
2026-03,E019,Eva Moreau,Data & AI,Senior AI Engineer,8500.0,145.03,0,1141.14,1233.33,11019.5,FINANCE_RESTRICTED_PERSONAL,True
2026-04,E019,Eva Moreau,Data & AI,Senior AI Engineer,8500.0,0,0,1122.0,1233.33,10855.33,FINANCE_RESTRICTED_PERSONAL,True
2026-05,E019,Eva Moreau,Data & AI,Senior AI Engineer,8500.0,0,0,1122.0,1233.33,10855.33,FINANCE_RESTRICTED_PERSONAL,True
2026-06,E019,Eva Moreau,Data & AI,Senior AI Engineer,8500.0,237.62,0,1153.37,1233.33,11124.32,FINANCE_RESTRICTED_PERSONAL,True
2026-07,E019,Eva Moreau,Data & AI,Senior AI Engineer,8500.0,0,0,1122.0,1233.33,10855.33,FINANCE_RESTRICTED_PERSONAL,True
2026-08,E019,Eva Moreau,Data & AI,Senior AI Engineer,8500.0,0,0,1122.0,1233.33,10855.33,FINANCE_RESTRICTED_PERSONAL,True
2026-09,E019,Eva Moreau,Data & AI,Senior AI Engineer,8500.0,283.08,0,1159.37,1233.33,11175.78,FINANCE_RESTRICTED_PERSONAL,True
2026-10,E019,Eva Moreau,Data & AI,Senior AI Engineer,8500.0,0,0,1122.0,1233.33,10855.33,FINANCE_RESTRICTED_PERSONAL,True
2026-11,E019,Eva Moreau,Data & AI,Senior AI Engineer,8500.0,192.28,0,1147.38,1233.33,11072.99,FINANCE_RESTRICTED_PERSONAL,True
2026-12,E019,Eva Moreau,Data & AI,Senior AI Engineer,8500.0,0,9914.65,2430.73,1233.33,22078.71,FINANCE_RESTRICTED_PERSONAL,True
2026-01,E020,Antoine Robert,Data & AI,Data Engineer,6583.33,0,0,869.0,883.33,8335.66,FINANCE_RESTRICTED_PERSONAL,True
2026-02,E020,Antoine Robert,Data & AI,Data Engineer,6583.33,0,0,869.0,883.33,8335.66,FINANCE_RESTRICTED_PERSONAL,True
2026-03,E020,Antoine Robert,Data & AI,Data Engineer,6583.33,116.17,0,884.33,883.33,8467.16,FINANCE_RESTRICTED_PERSONAL,True
2026-04,E020,Antoine Robert,Data & AI,Data Engineer,6583.33,0,0,869.0,883.33,8335.66,FINANCE_RESTRICTED_PERSONAL,True
2026-05,E020,Antoine Robert,Data & AI,Data Engineer,6583.33,0,0,869.0,883.33,8335.66,FINANCE_RESTRICTED_PERSONAL,True
2026-06,E020,Antoine Robert,Data & AI,Data Engineer,6583.33,140.86,0,887.59,883.33,8495.11,FINANCE_RESTRICTED_PERSONAL,True
2026-07,E020,Antoine Robert,Data & AI,Data Engineer,6583.33,0,0,869.0,883.33,8335.66,FINANCE_RESTRICTED_PERSONAL,True
2026-08,E020,Antoine Robert,Data & AI,Data Engineer,6583.33,0,0,869.0,883.33,8335.66,FINANCE_RESTRICTED_PERSONAL,True
2026-09,E020,Antoine Robert,Data & AI,Data Engineer,6583.33,87.78,0,880.59,883.33,8435.03,FINANCE_RESTRICTED_PERSONAL,True
2026-10,E020,Antoine Robert,Data & AI,Data Engineer,6583.33,0,0,869.0,883.33,8335.66,FINANCE_RESTRICTED_PERSONAL,True
2026-11,E020,Antoine Robert,Data & AI,Data Engineer,6583.33,169.12,0,891.32,883.33,8527.1,FINANCE_RESTRICTED_PERSONAL,True
2026-12,E020,Antoine Robert,Data & AI,Data Engineer,6583.33,0,6074.36,1670.82,883.33,15211.84,FINANCE_RESTRICTED_PERSONAL,True
2026-01,E021,Lea Nguyen,Data & AI,ML Engineer,6333.33,0,0,836.0,383.33,7552.66,FINANCE_RESTRICTED_PERSONAL,True
2026-02,E021,Lea Nguyen,Data & AI,ML Engineer,6333.33,0,0,836.0,383.33,7552.66,FINANCE_RESTRICTED_PERSONAL,True
2026-03,E021,Lea Nguyen,Data & AI,ML Engineer,6333.33,69.43,0,845.16,383.33,7631.25,FINANCE_RESTRICTED_PERSONAL,True
2026-04,E021,Lea Nguyen,Data & AI,ML Engineer,6333.33,0,0,836.0,383.33,7552.66,FINANCE_RESTRICTED_PERSONAL,True
2026-05,E021,Lea Nguyen,Data & AI,ML Engineer,6333.33,0,0,836.0,383.33,7552.66,FINANCE_RESTRICTED_PERSONAL,True
2026-06,E021,Lea Nguyen,Data & AI,ML Engineer,6333.33,157.71,0,856.82,383.33,7731.19,FINANCE_RESTRICTED_PERSONAL,True
2026-07,E021,Lea Nguyen,Data & AI,ML Engineer,6333.33,0,0,836.0,383.33,7552.66,FINANCE_RESTRICTED_PERSONAL,True
2026-08,E021,Lea Nguyen,Data & AI,ML Engineer,6333.33,0,0,836.0,383.33,7552.66,FINANCE_RESTRICTED_PERSONAL,True
2026-09,E021,Lea Nguyen,Data & AI,ML Engineer,6333.33,120.02,0,851.84,383.33,7688.52,FINANCE_RESTRICTED_PERSONAL,True
2026-10,E021,Lea Nguyen,Data & AI,ML Engineer,6333.33,0,0,836.0,383.33,7552.66,FINANCE_RESTRICTED_PERSONAL,True
2026-11,E021,Lea Nguyen,Data & AI,ML Engineer,6333.33,125.96,0,852.63,383.33,7695.25,FINANCE_RESTRICTED_PERSONAL,True
2026-12,E021,Lea Nguyen,Data & AI,ML Engineer,6333.33,0,6050.16,1634.62,383.33,14401.44,FINANCE_RESTRICTED_PERSONAL,True
2026-01,E022,Hugo Laurent,Data & AI,Data Scientist,6250.0,0,0,825.0,383.33,7458.33,FINANCE_RESTRICTED_PERSONAL,True
2026-02,E022,Hugo Laurent,Data & AI,Data Scientist,6250.0,0,0,825.0,383.33,7458.33,FINANCE_RESTRICTED_PERSONAL,True
2026-03,E022,Hugo Laurent,Data & AI,Data Scientist,6250.0,171.04,0,847.58,383.33,7651.95,FINANCE_RESTRICTED_PERSONAL,True
2026-04,E022,Hugo Laurent,Data & AI,Data Scientist,6250.0,0,0,825.0,383.33,7458.33,FINANCE_RESTRICTED_PERSONAL,True
2026-05,E022,Hugo Laurent,Data & AI,Data Scientist,6250.0,0,0,825.0,383.33,7458.33,FINANCE_RESTRICTED_PERSONAL,True
2026-06,E022,Hugo Laurent,Data & AI,Data Scientist,6250.0,217.81,0,853.75,383.33,7704.89,FINANCE_RESTRICTED_PERSONAL,True
2026-07,E022,Hugo Laurent,Data & AI,Data Scientist,6250.0,0,0,825.0,383.33,7458.33,FINANCE_RESTRICTED_PERSONAL,True
2026-08,E022,Hugo Laurent,Data & AI,Data Scientist,6250.0,0,0,825.0,383.33,7458.33,FINANCE_RESTRICTED_PERSONAL,True
2026-09,E022,Hugo Laurent,Data & AI,Data Scientist,6250.0,203.54,0,851.87,383.33,7688.74,FINANCE_RESTRICTED_PERSONAL,True
2026-10,E022,Hugo Laurent,Data & AI,Data Scientist,6250.0,0,0,825.0,383.33,7458.33,FINANCE_RESTRICTED_PERSONAL,True
2026-11,E022,Hugo Laurent,Data & AI,Data Scientist,6250.0,114.65,0,840.13,383.33,7588.11,FINANCE_RESTRICTED_PERSONAL,True
2026-12,E022,Hugo Laurent,Data & AI,Data Scientist,6250.0,0,5460.44,1545.78,383.33,13639.55,FINANCE_RESTRICTED_PERSONAL,True
2026-01,E023,Mila Costa,Cloud & Platform,Cloud Architect,8666.67,0,0,1144.0,1233.33,11044.0,FINANCE_RESTRICTED_PERSONAL,True
2026-02,E023,Mila Costa,Cloud & Platform,Cloud Architect,8666.67,0,0,1144.0,1233.33,11044.0,FINANCE_RESTRICTED_PERSONAL,True
2026-03,E023,Mila Costa,Cloud & Platform,Cloud Architect,8666.67,301.0,0,1183.73,1233.33,11384.73,FINANCE_RESTRICTED_PERSONAL,True
2026-04,E023,Mila Costa,Cloud & Platform,Cloud Architect,8666.67,0,0,1144.0,1233.33,11044.0,FINANCE_RESTRICTED_PERSONAL,True
2026-05,E023,Mila Costa,Cloud & Platform,Cloud Architect,8666.67,0,0,1144.0,1233.33,11044.0,FINANCE_RESTRICTED_PERSONAL,True
2026-06,E023,Mila Costa,Cloud & Platform,Cloud Architect,8666.67,100.71,0,1157.29,1233.33,11158.0,FINANCE_RESTRICTED_PERSONAL,True
2026-07,E023,Mila Costa,Cloud & Platform,Cloud Architect,8666.67,0,0,1144.0,1233.33,11044.0,FINANCE_RESTRICTED_PERSONAL,True
2026-08,E023,Mila Costa,Cloud & Platform,Cloud Architect,8666.67,0,0,1144.0,1233.33,11044.0,FINANCE_RESTRICTED_PERSONAL,True
2026-09,E023,Mila Costa,Cloud & Platform,Cloud Architect,8666.67,135.17,0,1161.84,1233.33,11197.01,FINANCE_RESTRICTED_PERSONAL,True
2026-10,E023,Mila Costa,Cloud & Platform,Cloud Architect,8666.67,0,0,1144.0,1233.33,11044.0,FINANCE_RESTRICTED_PERSONAL,True
2026-11,E023,Mila Costa,Cloud & Platform,Cloud Architect,8666.67,170.14,0,1166.46,1233.33,11236.6,FINANCE_RESTRICTED_PERSONAL,True
2026-12,E023,Mila Costa,Cloud & Platform,Cloud Architect,8666.67,0,10266.08,2499.12,1233.33,22665.2,FINANCE_RESTRICTED_PERSONAL,True
2026-01,E024,Louis Fontaine,Cloud & Platform,DevOps Engineer,6916.67,0,0,913.0,883.33,8713.0,FINANCE_RESTRICTED_PERSONAL,True
2026-02,E024,Louis Fontaine,Cloud & Platform,DevOps Engineer,6916.67,0,0,913.0,883.33,8713.0,FINANCE_RESTRICTED_PERSONAL,True
2026-03,E024,Louis Fontaine,Cloud & Platform,DevOps Engineer,6916.67,167.71,0,935.14,883.33,8902.85,FINANCE_RESTRICTED_PERSONAL,True
2026-04,E024,Louis Fontaine,Cloud & Platform,DevOps Engineer,6916.67,0,0,913.0,883.33,8713.0,FINANCE_RESTRICTED_PERSONAL,True
2026-05,E024,Louis Fontaine,Cloud & Platform,DevOps Engineer,6916.67,0,0,913.0,883.33,8713.0,FINANCE_RESTRICTED_PERSONAL,True
2026-06,E024,Louis Fontaine,Cloud & Platform,DevOps Engineer,6916.67,84.36,0,924.14,883.33,8808.5,FINANCE_RESTRICTED_PERSONAL,True
2026-07,E024,Louis Fontaine,Cloud & Platform,DevOps Engineer,6916.67,0,0,913.0,883.33,8713.0,FINANCE_RESTRICTED_PERSONAL,True
2026-08,E024,Louis Fontaine,Cloud & Platform,DevOps Engineer,6916.67,0,0,913.0,883.33,8713.0,FINANCE_RESTRICTED_PERSONAL,True
2026-09,E024,Louis Fontaine,Cloud & Platform,DevOps Engineer,6916.67,147.23,0,932.43,883.33,8879.66,FINANCE_RESTRICTED_PERSONAL,True
2026-10,E024,Louis Fontaine,Cloud & Platform,DevOps Engineer,6916.67,0,0,913.0,883.33,8713.0,FINANCE_RESTRICTED_PERSONAL,True
2026-11,E024,Louis Fontaine,Cloud & Platform,DevOps Engineer,6916.67,118.44,0,928.63,883.33,8847.07,FINANCE_RESTRICTED_PERSONAL,True
2026-12,E024,Louis Fontaine,Cloud & Platform,DevOps Engineer,6916.67,0,6538.82,1776.12,883.33,16114.94,FINANCE_RESTRICTED_PERSONAL,True
2026-01,E025,Camille Garcia,Cloud & Platform,Platform Engineer,6000.0,0,0,792.0,383.33,7175.33,FINANCE_RESTRICTED_PERSONAL,True
2026-02,E025,Camille Garcia,Cloud & Platform,Platform Engineer,6000.0,0,0,792.0,383.33,7175.33,FINANCE_RESTRICTED_PERSONAL,True
2026-03,E025,Camille Garcia,Cloud & Platform,Platform Engineer,6000.0,88.11,0,803.63,383.33,7275.07,FINANCE_RESTRICTED_PERSONAL,True
2026-04,E025,Camille Garcia,Cloud & Platform,Platform Engineer,6000.0,0,0,792.0,383.33,7175.33,FINANCE_RESTRICTED_PERSONAL,True
2026-05,E025,Camille Garcia,Cloud & Platform,Platform Engineer,6000.0,0,0,792.0,383.33,7175.33,FINANCE_RESTRICTED_PERSONAL,True
2026-06,E025,Camille Garcia,Cloud & Platform,Platform Engineer,6000.0,77.55,0,802.24,383.33,7263.12,FINANCE_RESTRICTED_PERSONAL,True
2026-07,E025,Camille Garcia,Cloud & Platform,Platform Engineer,6000.0,0,0,792.0,383.33,7175.33,FINANCE_RESTRICTED_PERSONAL,True
2026-08,E025,Camille Garcia,Cloud & Platform,Platform Engineer,6000.0,0,0,792.0,383.33,7175.33,FINANCE_RESTRICTED_PERSONAL,True
2026-09,E025,Camille Garcia,Cloud & Platform,Platform Engineer,6000.0,176.37,0,815.28,383.33,7374.98,FINANCE_RESTRICTED_PERSONAL,True
2026-10,E025,Camille Garcia,Cloud & Platform,Platform Engineer,6000.0,0,0,792.0,383.33,7175.33,FINANCE_RESTRICTED_PERSONAL,True
2026-11,E025,Camille Garcia,Cloud & Platform,Platform Engineer,6000.0,134.0,0,809.69,383.33,7327.02,FINANCE_RESTRICTED_PERSONAL,True
2026-12,E025,Camille Garcia,Cloud & Platform,Platform Engineer,6000.0,0,4634.61,1403.77,383.33,12421.71,FINANCE_RESTRICTED_PERSONAL,True
2026-01,E026,Noah Durand,Cybersecurity,Security Architect,10000.0,0,0,1320.0,1233.33,12553.33,FINANCE_RESTRICTED_PERSONAL,True
2026-02,E026,Noah Durand,Cybersecurity,Security Architect,10000.0,0,0,1320.0,1233.33,12553.33,FINANCE_RESTRICTED_PERSONAL,True
2026-03,E026,Noah Durand,Cybersecurity,Security Architect,10000.0,0,0,1320.0,1233.33,12553.33,FINANCE_RESTRICTED_PERSONAL,True
2026-04,E026,Noah Durand,Cybersecurity,Security Architect,10000.0,0,0,1320.0,1233.33,12553.33,FINANCE_RESTRICTED_PERSONAL,True
2026-05,E026,Noah Durand,Cybersecurity,Security Architect,10000.0,0,0,1320.0,1233.33,12553.33,FINANCE_RESTRICTED_PERSONAL,True
2026-06,E026,Noah Durand,Cybersecurity,Security Architect,10000.0,0,0,1320.0,1233.33,12553.33,FINANCE_RESTRICTED_PERSONAL,True
2026-07,E026,Noah Durand,Cybersecurity,Security Architect,10000.0,0,0,1320.0,1233.33,12553.33,FINANCE_RESTRICTED_PERSONAL,True
2026-08,E026,Noah Durand,Cybersecurity,Security Architect,10000.0,0,0,1320.0,1233.33,12553.33,FINANCE_RESTRICTED_PERSONAL,True
2026-09,E026,Noah Durand,Cybersecurity,Security Architect,10000.0,0,0,1320.0,1233.33,12553.33,FINANCE_RESTRICTED_PERSONAL,True
2026-10,E026,Noah Durand,Cybersecurity,Security Architect,10000.0,0,0,1320.0,1233.33,12553.33,FINANCE_RESTRICTED_PERSONAL,True
2026-11,E026,Noah Durand,Cybersecurity,Security Architect,10000.0,0,0,1320.0,1233.33,12553.33,FINANCE_RESTRICTED_PERSONAL,True
2026-12,E026,Noah Durand,Cybersecurity,Security Architect,10000.0,0,12204.45,2930.99,1233.33,26368.77,FINANCE_RESTRICTED_PERSONAL,True
2026-01,E027,Emma Lopez,Cybersecurity,Security Engineer,7416.67,0,0,979.0,883.33,9279.0,FINANCE_RESTRICTED_PERSONAL,True
2026-02,E027,Emma Lopez,Cybersecurity,Security Engineer,7416.67,0,0,979.0,883.33,9279.0,FINANCE_RESTRICTED_PERSONAL,True
2026-03,E027,Emma Lopez,Cybersecurity,Security Engineer,7416.67,0,0,979.0,883.33,9279.0,FINANCE_RESTRICTED_PERSONAL,True
2026-04,E027,Emma Lopez,Cybersecurity,Security Engineer,7416.67,0,0,979.0,883.33,9279.0,FINANCE_RESTRICTED_PERSONAL,True
2026-05,E027,Emma Lopez,Cybersecurity,Security Engineer,7416.67,0,0,979.0,883.33,9279.0,FINANCE_RESTRICTED_PERSONAL,True
2026-06,E027,Emma Lopez,Cybersecurity,Security Engineer,7416.67,0,0,979.0,883.33,9279.0,FINANCE_RESTRICTED_PERSONAL,True
2026-07,E027,Emma Lopez,Cybersecurity,Security Engineer,7416.67,0,0,979.0,883.33,9279.0,FINANCE_RESTRICTED_PERSONAL,True
2026-08,E027,Emma Lopez,Cybersecurity,Security Engineer,7416.67,0,0,979.0,883.33,9279.0,FINANCE_RESTRICTED_PERSONAL,True
2026-09,E027,Emma Lopez,Cybersecurity,Security Engineer,7416.67,0,0,979.0,883.33,9279.0,FINANCE_RESTRICTED_PERSONAL,True
2026-10,E027,Emma Lopez,Cybersecurity,Security Engineer,7416.67,0,0,979.0,883.33,9279.0,FINANCE_RESTRICTED_PERSONAL,True
2026-11,E027,Emma Lopez,Cybersecurity,Security Engineer,7416.67,0,0,979.0,883.33,9279.0,FINANCE_RESTRICTED_PERSONAL,True
2026-12,E027,Emma Lopez,Cybersecurity,Security Engineer,7416.67,0,7362.35,1950.83,883.33,17613.18,FINANCE_RESTRICTED_PERSONAL,True
2026-01,E028,Arthur Mercier,Consulting,Senior Business Consultant,8000.0,0,0,1056.0,1233.33,10289.33,FINANCE_RESTRICTED_PERSONAL,True
2026-02,E028,Arthur Mercier,Consulting,Senior Business Consultant,8000.0,0,0,1056.0,1233.33,10289.33,FINANCE_RESTRICTED_PERSONAL,True
2026-03,E028,Arthur Mercier,Consulting,Senior Business Consultant,8000.0,0,0,1056.0,1233.33,10289.33,FINANCE_RESTRICTED_PERSONAL,True
2026-04,E028,Arthur Mercier,Consulting,Senior Business Consultant,8000.0,0,0,1056.0,1233.33,10289.33,FINANCE_RESTRICTED_PERSONAL,True
2026-05,E028,Arthur Mercier,Consulting,Senior Business Consultant,8000.0,0,0,1056.0,1233.33,10289.33,FINANCE_RESTRICTED_PERSONAL,True
2026-06,E028,Arthur Mercier,Consulting,Senior Business Consultant,8000.0,0,0,1056.0,1233.33,10289.33,FINANCE_RESTRICTED_PERSONAL,True
2026-07,E028,Arthur Mercier,Consulting,Senior Business Consultant,8000.0,0,0,1056.0,1233.33,10289.33,FINANCE_RESTRICTED_PERSONAL,True
2026-08,E028,Arthur Mercier,Consulting,Senior Business Consultant,8000.0,0,0,1056.0,1233.33,10289.33,FINANCE_RESTRICTED_PERSONAL,True
2026-09,E028,Arthur Mercier,Consulting,Senior Business Consultant,8000.0,0,0,1056.0,1233.33,10289.33,FINANCE_RESTRICTED_PERSONAL,True
2026-10,E028,Arthur Mercier,Consulting,Senior Business Consultant,8000.0,0,0,1056.0,1233.33,10289.33,FINANCE_RESTRICTED_PERSONAL,True
2026-11,E028,Arthur Mercier,Consulting,Senior Business Consultant,8000.0,0,0,1056.0,1233.33,10289.33,FINANCE_RESTRICTED_PERSONAL,True
2026-12,E028,Arthur Mercier,Consulting,Senior Business Consultant,8000.0,0,10022.5,2378.97,1233.33,21634.8,FINANCE_RESTRICTED_PERSONAL,True
2026-01,E029,Chloé Diallo,Consulting,Business Consultant,5666.67,0,0,748.0,383.33,6798.0,FINANCE_RESTRICTED_PERSONAL,True
2026-02,E029,Chloé Diallo,Consulting,Business Consultant,5666.67,0,0,748.0,383.33,6798.0,FINANCE_RESTRICTED_PERSONAL,True
2026-03,E029,Chloé Diallo,Consulting,Business Consultant,5666.67,0,0,748.0,383.33,6798.0,FINANCE_RESTRICTED_PERSONAL,True
2026-04,E029,Chloé Diallo,Consulting,Business Consultant,5666.67,0,0,748.0,383.33,6798.0,FINANCE_RESTRICTED_PERSONAL,True
2026-05,E029,Chloé Diallo,Consulting,Business Consultant,5666.67,0,0,748.0,383.33,6798.0,FINANCE_RESTRICTED_PERSONAL,True
2026-06,E029,Chloé Diallo,Consulting,Business Consultant,5666.67,0,0,748.0,383.33,6798.0,FINANCE_RESTRICTED_PERSONAL,True
2026-07,E029,Chloé Diallo,Consulting,Business Consultant,5666.67,0,0,748.0,383.33,6798.0,FINANCE_RESTRICTED_PERSONAL,True
2026-08,E029,Chloé Diallo,Consulting,Business Consultant,5666.67,0,0,748.0,383.33,6798.0,FINANCE_RESTRICTED_PERSONAL,True
2026-09,E029,Chloé Diallo,Consulting,Business Consultant,5666.67,0,0,748.0,383.33,6798.0,FINANCE_RESTRICTED_PERSONAL,True
2026-10,E029,Chloé Diallo,Consulting,Business Consultant,5666.67,0,0,748.0,383.33,6798.0,FINANCE_RESTRICTED_PERSONAL,True
2026-11,E029,Chloé Diallo,Consulting,Business Consultant,5666.67,0,0,748.0,383.33,6798.0,FINANCE_RESTRICTED_PERSONAL,True
2026-12,E029,Chloé Diallo,Consulting,Business Consultant,5666.67,0,4148.03,1295.54,383.33,11493.57,FINANCE_RESTRICTED_PERSONAL,True
2026-01,E030,Rayan Fischer,Applications,Senior Software Engineer,7750.0,0,0,1023.0,983.33,9756.33,FINANCE_RESTRICTED_PERSONAL,True
2026-02,E030,Rayan Fischer,Applications,Senior Software Engineer,7750.0,0,0,1023.0,983.33,9756.33,FINANCE_RESTRICTED_PERSONAL,True
2026-03,E030,Rayan Fischer,Applications,Senior Software Engineer,7750.0,270.42,0,1058.7,983.33,10062.45,FINANCE_RESTRICTED_PERSONAL,True
2026-04,E030,Rayan Fischer,Applications,Senior Software Engineer,7750.0,0,0,1023.0,983.33,9756.33,FINANCE_RESTRICTED_PERSONAL,True
2026-05,E030,Rayan Fischer,Applications,Senior Software Engineer,7750.0,0,0,1023.0,983.33,9756.33,FINANCE_RESTRICTED_PERSONAL,True
2026-06,E030,Rayan Fischer,Applications,Senior Software Engineer,7750.0,268.68,0,1058.47,983.33,10060.48,FINANCE_RESTRICTED_PERSONAL,True
2026-07,E030,Rayan Fischer,Applications,Senior Software Engineer,7750.0,0,0,1023.0,983.33,9756.33,FINANCE_RESTRICTED_PERSONAL,True
2026-08,E030,Rayan Fischer,Applications,Senior Software Engineer,7750.0,0,0,1023.0,983.33,9756.33,FINANCE_RESTRICTED_PERSONAL,True
2026-09,E030,Rayan Fischer,Applications,Senior Software Engineer,7750.0,83.02,0,1033.96,983.33,9850.31,FINANCE_RESTRICTED_PERSONAL,True
2026-10,E030,Rayan Fischer,Applications,Senior Software Engineer,7750.0,0,0,1023.0,983.33,9756.33,FINANCE_RESTRICTED_PERSONAL,True
2026-11,E030,Rayan Fischer,Applications,Senior Software Engineer,7750.0,183.82,0,1047.26,983.33,9964.41,FINANCE_RESTRICTED_PERSONAL,True
2026-12,E030,Rayan Fischer,Applications,Senior Software Engineer,7750.0,0,8100.23,2092.23,983.33,18925.79,FINANCE_RESTRICTED_PERSONAL,True
2026-01,E031,Lucie Pereira,Applications,Software Engineer,5916.67,0,0,781.0,383.33,7081.0,FINANCE_RESTRICTED_PERSONAL,True
2026-02,E031,Lucie Pereira,Applications,Software Engineer,5916.67,0,0,781.0,383.33,7081.0,FINANCE_RESTRICTED_PERSONAL,True
2026-03,E031,Lucie Pereira,Applications,Software Engineer,5916.67,177.1,0,804.38,383.33,7281.48,FINANCE_RESTRICTED_PERSONAL,True
2026-04,E031,Lucie Pereira,Applications,Software Engineer,5916.67,0,0,781.0,383.33,7081.0,FINANCE_RESTRICTED_PERSONAL,True
2026-05,E031,Lucie Pereira,Applications,Software Engineer,5916.67,0,0,781.0,383.33,7081.0,FINANCE_RESTRICTED_PERSONAL,True
2026-06,E031,Lucie Pereira,Applications,Software Engineer,5916.67,135.76,0,798.92,383.33,7234.68,FINANCE_RESTRICTED_PERSONAL,True
2026-07,E031,Lucie Pereira,Applications,Software Engineer,5916.67,0,0,781.0,383.33,7081.0,FINANCE_RESTRICTED_PERSONAL,True
2026-08,E031,Lucie Pereira,Applications,Software Engineer,5916.67,0,0,781.0,383.33,7081.0,FINANCE_RESTRICTED_PERSONAL,True
2026-09,E031,Lucie Pereira,Applications,Software Engineer,5916.67,82.95,0,791.95,383.33,7174.9,FINANCE_RESTRICTED_PERSONAL,True
2026-10,E031,Lucie Pereira,Applications,Software Engineer,5916.67,0,0,781.0,383.33,7081.0,FINANCE_RESTRICTED_PERSONAL,True
2026-11,E031,Lucie Pereira,Applications,Software Engineer,5916.67,194.36,0,806.66,383.33,7301.02,FINANCE_RESTRICTED_PERSONAL,True
2026-12,E031,Lucie Pereira,Applications,Software Engineer,5916.67,0,5168.54,1463.25,383.33,12931.79,FINANCE_RESTRICTED_PERSONAL,True
2026-01,E032,Maxime Richard,Applications,QA Engineer,5916.67,0,0,781.0,383.33,7081.0,FINANCE_RESTRICTED_PERSONAL,True
2026-02,E032,Maxime Richard,Applications,QA Engineer,5916.67,0,0,781.0,383.33,7081.0,FINANCE_RESTRICTED_PERSONAL,True
2026-03,E032,Maxime Richard,Applications,QA Engineer,5916.67,136.43,0,799.01,383.33,7235.44,FINANCE_RESTRICTED_PERSONAL,True
2026-04,E032,Maxime Richard,Applications,QA Engineer,5916.67,0,0,781.0,383.33,7081.0,FINANCE_RESTRICTED_PERSONAL,True
2026-05,E032,Maxime Richard,Applications,QA Engineer,5916.67,0,0,781.0,383.33,7081.0,FINANCE_RESTRICTED_PERSONAL,True
2026-06,E032,Maxime Richard,Applications,QA Engineer,5916.67,82.45,0,791.88,383.33,7174.33,FINANCE_RESTRICTED_PERSONAL,True
2026-07,E032,Maxime Richard,Applications,QA Engineer,5916.67,0,0,781.0,383.33,7081.0,FINANCE_RESTRICTED_PERSONAL,True
2026-08,E032,Maxime Richard,Applications,QA Engineer,5916.67,0,0,781.0,383.33,7081.0,FINANCE_RESTRICTED_PERSONAL,True
2026-09,E032,Maxime Richard,Applications,QA Engineer,5916.67,79.56,0,791.5,383.33,7171.06,FINANCE_RESTRICTED_PERSONAL,True
2026-10,E032,Maxime Richard,Applications,QA Engineer,5916.67,0,0,781.0,383.33,7081.0,FINANCE_RESTRICTED_PERSONAL,True
2026-11,E032,Maxime Richard,Applications,QA Engineer,5916.67,123.39,0,797.29,383.33,7220.68,FINANCE_RESTRICTED_PERSONAL,True
2026-12,E032,Maxime Richard,Applications,QA Engineer,5916.67,0,4289.02,1347.15,383.33,11936.17,FINANCE_RESTRICTED_PERSONAL,True
2026-01,E033,Aya Bauer,Sales,Account Director,8333.33,0,0,1100.0,1233.33,10666.66,FINANCE_RESTRICTED_PERSONAL,True
2026-02,E033,Aya Bauer,Sales,Account Director,8333.33,0,0,1100.0,1233.33,10666.66,FINANCE_RESTRICTED_PERSONAL,True
2026-03,E033,Aya Bauer,Sales,Account Director,8333.33,0,0,1100.0,1233.33,10666.66,FINANCE_RESTRICTED_PERSONAL,True
2026-04,E033,Aya Bauer,Sales,Account Director,8333.33,0,0,1100.0,1233.33,10666.66,FINANCE_RESTRICTED_PERSONAL,True
2026-05,E033,Aya Bauer,Sales,Account Director,8333.33,0,0,1100.0,1233.33,10666.66,FINANCE_RESTRICTED_PERSONAL,True
2026-06,E033,Aya Bauer,Sales,Account Director,8333.33,0,0,1100.0,1233.33,10666.66,FINANCE_RESTRICTED_PERSONAL,True
2026-07,E033,Aya Bauer,Sales,Account Director,8333.33,0,0,1100.0,1233.33,10666.66,FINANCE_RESTRICTED_PERSONAL,True
2026-08,E033,Aya Bauer,Sales,Account Director,8333.33,0,0,1100.0,1233.33,10666.66,FINANCE_RESTRICTED_PERSONAL,True
2026-09,E033,Aya Bauer,Sales,Account Director,8333.33,0,0,1100.0,1233.33,10666.66,FINANCE_RESTRICTED_PERSONAL,True
2026-10,E033,Aya Bauer,Sales,Account Director,8333.33,0,0,1100.0,1233.33,10666.66,FINANCE_RESTRICTED_PERSONAL,True
2026-11,E033,Aya Bauer,Sales,Account Director,8333.33,0,0,1100.0,1233.33,10666.66,FINANCE_RESTRICTED_PERSONAL,True
2026-12,E033,Aya Bauer,Sales,Account Director,8333.33,0,17477.92,3407.09,1233.33,30451.67,FINANCE_RESTRICTED_PERSONAL,True
2026-01,E034,Victor Renard,Sales,Account Manager,6250.0,0,0,825.0,383.33,7458.33,FINANCE_RESTRICTED_PERSONAL,True
2026-02,E034,Victor Renard,Sales,Account Manager,6250.0,0,0,825.0,383.33,7458.33,FINANCE_RESTRICTED_PERSONAL,True
2026-03,E034,Victor Renard,Sales,Account Manager,6250.0,0,0,825.0,383.33,7458.33,FINANCE_RESTRICTED_PERSONAL,True
2026-04,E034,Victor Renard,Sales,Account Manager,6250.0,0,0,825.0,383.33,7458.33,FINANCE_RESTRICTED_PERSONAL,True
2026-05,E034,Victor Renard,Sales,Account Manager,6250.0,0,0,825.0,383.33,7458.33,FINANCE_RESTRICTED_PERSONAL,True
2026-06,E034,Victor Renard,Sales,Account Manager,6250.0,0,0,825.0,383.33,7458.33,FINANCE_RESTRICTED_PERSONAL,True
2026-07,E034,Victor Renard,Sales,Account Manager,6250.0,0,0,825.0,383.33,7458.33,FINANCE_RESTRICTED_PERSONAL,True
2026-08,E034,Victor Renard,Sales,Account Manager,6250.0,0,0,825.0,383.33,7458.33,FINANCE_RESTRICTED_PERSONAL,True
2026-09,E034,Victor Renard,Sales,Account Manager,6250.0,0,0,825.0,383.33,7458.33,FINANCE_RESTRICTED_PERSONAL,True
2026-10,E034,Victor Renard,Sales,Account Manager,6250.0,0,0,825.0,383.33,7458.33,FINANCE_RESTRICTED_PERSONAL,True
2026-11,E034,Victor Renard,Sales,Account Manager,6250.0,0,0,825.0,383.33,7458.33,FINANCE_RESTRICTED_PERSONAL,True
2026-12,E034,Victor Renard,Sales,Account Manager,6250.0,0,10402.63,2198.15,383.33,19234.11,FINANCE_RESTRICTED_PERSONAL,True
2026-01,E035,Alice Meier,HR,HR Business Partner,6083.33,0,0,803.0,383.33,7269.66,FINANCE_RESTRICTED_PERSONAL,True
2026-02,E035,Alice Meier,HR,HR Business Partner,6083.33,0,0,803.0,383.33,7269.66,FINANCE_RESTRICTED_PERSONAL,True
2026-03,E035,Alice Meier,HR,HR Business Partner,6083.33,0,0,803.0,383.33,7269.66,FINANCE_RESTRICTED_PERSONAL,True
2026-04,E035,Alice Meier,HR,HR Business Partner,6083.33,0,0,803.0,383.33,7269.66,FINANCE_RESTRICTED_PERSONAL,True
2026-05,E035,Alice Meier,HR,HR Business Partner,6083.33,0,0,803.0,383.33,7269.66,FINANCE_RESTRICTED_PERSONAL,True
2026-06,E035,Alice Meier,HR,HR Business Partner,6083.33,0,0,803.0,383.33,7269.66,FINANCE_RESTRICTED_PERSONAL,True
2026-07,E035,Alice Meier,HR,HR Business Partner,6083.33,0,0,803.0,383.33,7269.66,FINANCE_RESTRICTED_PERSONAL,True
2026-08,E035,Alice Meier,HR,HR Business Partner,6083.33,0,0,803.0,383.33,7269.66,FINANCE_RESTRICTED_PERSONAL,True
2026-09,E035,Alice Meier,HR,HR Business Partner,6083.33,0,0,803.0,383.33,7269.66,FINANCE_RESTRICTED_PERSONAL,True
2026-10,E035,Alice Meier,HR,HR Business Partner,6083.33,0,0,803.0,383.33,7269.66,FINANCE_RESTRICTED_PERSONAL,True
2026-11,E035,Alice Meier,HR,HR Business Partner,6083.33,0,0,803.0,383.33,7269.66,FINANCE_RESTRICTED_PERSONAL,True
2026-12,E035,Alice Meier,HR,HR Business Partner,6083.33,0,5503.46,1529.46,383.33,13499.58,FINANCE_RESTRICTED_PERSONAL,True
2026-01,E036,Nathan Cohen,HR,Talent Acquisition Specialist,5250.0,0,0,693.0,383.33,6326.33,FINANCE_RESTRICTED_PERSONAL,True
2026-02,E036,Nathan Cohen,HR,Talent Acquisition Specialist,5250.0,0,0,693.0,383.33,6326.33,FINANCE_RESTRICTED_PERSONAL,True
2026-03,E036,Nathan Cohen,HR,Talent Acquisition Specialist,5250.0,0,0,693.0,383.33,6326.33,FINANCE_RESTRICTED_PERSONAL,True
2026-04,E036,Nathan Cohen,HR,Talent Acquisition Specialist,5250.0,0,0,693.0,383.33,6326.33,FINANCE_RESTRICTED_PERSONAL,True
2026-05,E036,Nathan Cohen,HR,Talent Acquisition Specialist,5250.0,0,0,693.0,383.33,6326.33,FINANCE_RESTRICTED_PERSONAL,True
2026-06,E036,Nathan Cohen,HR,Talent Acquisition Specialist,5250.0,0,0,693.0,383.33,6326.33,FINANCE_RESTRICTED_PERSONAL,True
2026-07,E036,Nathan Cohen,HR,Talent Acquisition Specialist,5250.0,0,0,693.0,383.33,6326.33,FINANCE_RESTRICTED_PERSONAL,True
2026-08,E036,Nathan Cohen,HR,Talent Acquisition Specialist,5250.0,0,0,693.0,383.33,6326.33,FINANCE_RESTRICTED_PERSONAL,True
2026-09,E036,Nathan Cohen,HR,Talent Acquisition Specialist,5250.0,0,0,693.0,383.33,6326.33,FINANCE_RESTRICTED_PERSONAL,True
2026-10,E036,Nathan Cohen,HR,Talent Acquisition Specialist,5250.0,0,0,693.0,383.33,6326.33,FINANCE_RESTRICTED_PERSONAL,True
2026-11,E036,Nathan Cohen,HR,Talent Acquisition Specialist,5250.0,0,0,693.0,383.33,6326.33,FINANCE_RESTRICTED_PERSONAL,True
2026-12,E036,Nathan Cohen,HR,Talent Acquisition Specialist,5250.0,0,3691.05,1180.22,383.33,10504.6,FINANCE_RESTRICTED_PERSONAL,True
2026-01,E037,Lina Gomes,Operations,Office & Operations Manager,6250.0,0,0,825.0,383.33,7458.33,FINANCE_RESTRICTED_PERSONAL,True
2026-02,E037,Lina Gomes,Operations,Office & Operations Manager,6250.0,0,0,825.0,383.33,7458.33,FINANCE_RESTRICTED_PERSONAL,True
2026-03,E037,Lina Gomes,Operations,Office & Operations Manager,6250.0,0,0,825.0,383.33,7458.33,FINANCE_RESTRICTED_PERSONAL,True
2026-04,E037,Lina Gomes,Operations,Office & Operations Manager,6250.0,0,0,825.0,383.33,7458.33,FINANCE_RESTRICTED_PERSONAL,True
2026-05,E037,Lina Gomes,Operations,Office & Operations Manager,6250.0,0,0,825.0,383.33,7458.33,FINANCE_RESTRICTED_PERSONAL,True
2026-06,E037,Lina Gomes,Operations,Office & Operations Manager,6250.0,0,0,825.0,383.33,7458.33,FINANCE_RESTRICTED_PERSONAL,True
2026-07,E037,Lina Gomes,Operations,Office & Operations Manager,6250.0,0,0,825.0,383.33,7458.33,FINANCE_RESTRICTED_PERSONAL,True
2026-08,E037,Lina Gomes,Operations,Office & Operations Manager,6250.0,0,0,825.0,383.33,7458.33,FINANCE_RESTRICTED_PERSONAL,True
2026-09,E037,Lina Gomes,Operations,Office & Operations Manager,6250.0,0,0,825.0,383.33,7458.33,FINANCE_RESTRICTED_PERSONAL,True
2026-10,E037,Lina Gomes,Operations,Office & Operations Manager,6250.0,0,0,825.0,383.33,7458.33,FINANCE_RESTRICTED_PERSONAL,True
2026-11,E037,Lina Gomes,Operations,Office & Operations Manager,6250.0,0,0,825.0,383.33,7458.33,FINANCE_RESTRICTED_PERSONAL,True
2026-12,E037,Lina Gomes,Operations,Office & Operations Manager,6250.0,0,5388.54,1536.29,383.33,13558.16,FINANCE_RESTRICTED_PERSONAL,True
2026-01,E038,Paul Lemoine,Data & AI,Principal Data & AI Architect,10000.0,0,0,1320.0,1233.33,12553.33,FINANCE_RESTRICTED_PERSONAL,True
2026-02,E038,Paul Lemoine,Data & AI,Principal Data & AI Architect,10000.0,0,0,1320.0,1233.33,12553.33,FINANCE_RESTRICTED_PERSONAL,True
2026-03,E038,Paul Lemoine,Data & AI,Principal Data & AI Architect,10000.0,296.09,0,1359.08,1233.33,12888.5,FINANCE_RESTRICTED_PERSONAL,True
2026-04,E038,Paul Lemoine,Data & AI,Principal Data & AI Architect,10000.0,0,0,1320.0,1233.33,12553.33,FINANCE_RESTRICTED_PERSONAL,True
2026-05,E038,Paul Lemoine,Data & AI,Principal Data & AI Architect,10000.0,0,0,1320.0,1233.33,12553.33,FINANCE_RESTRICTED_PERSONAL,True
2026-06,E038,Paul Lemoine,Data & AI,Principal Data & AI Architect,10000.0,252.45,0,1353.32,1233.33,12839.1,FINANCE_RESTRICTED_PERSONAL,True
2026-07,E038,Paul Lemoine,Data & AI,Principal Data & AI Architect,10000.0,0,0,1320.0,1233.33,12553.33,FINANCE_RESTRICTED_PERSONAL,True
2026-08,E038,Paul Lemoine,Data & AI,Principal Data & AI Architect,10000.0,0,0,1320.0,1233.33,12553.33,FINANCE_RESTRICTED_PERSONAL,True
2026-09,E038,Paul Lemoine,Data & AI,Principal Data & AI Architect,10000.0,209.44,0,1347.65,1233.33,12790.42,FINANCE_RESTRICTED_PERSONAL,True
2026-10,E038,Paul Lemoine,Data & AI,Principal Data & AI Architect,10000.0,0,0,1320.0,1233.33,12553.33,FINANCE_RESTRICTED_PERSONAL,True
2026-11,E038,Paul Lemoine,Data & AI,Principal Data & AI Architect,10000.0,205.85,0,1347.17,1233.33,12786.35,FINANCE_RESTRICTED_PERSONAL,True
2026-12,E038,Paul Lemoine,Data & AI,Principal Data & AI Architect,10000.0,0,13447.5,3095.07,1233.33,27775.9,FINANCE_RESTRICTED_PERSONAL,True
2026-01,E039,Jade Santos,Data & AI,Senior Data Architect,8333.33,0,0,1100.0,1233.33,10666.66,FINANCE_RESTRICTED_PERSONAL,True
2026-02,E039,Jade Santos,Data & AI,Senior Data Architect,8333.33,0,0,1100.0,1233.33,10666.66,FINANCE_RESTRICTED_PERSONAL,True
2026-03,E039,Jade Santos,Data & AI,Senior Data Architect,8333.33,165.48,0,1121.84,1233.33,10853.98,FINANCE_RESTRICTED_PERSONAL,True
2026-04,E039,Jade Santos,Data & AI,Senior Data Architect,8333.33,0,0,1100.0,1233.33,10666.66,FINANCE_RESTRICTED_PERSONAL,True
2026-05,E039,Jade Santos,Data & AI,Senior Data Architect,8333.33,0,0,1100.0,1233.33,10666.66,FINANCE_RESTRICTED_PERSONAL,True
2026-06,E039,Jade Santos,Data & AI,Senior Data Architect,8333.33,190.94,0,1125.2,1233.33,10882.8,FINANCE_RESTRICTED_PERSONAL,True
2026-07,E039,Jade Santos,Data & AI,Senior Data Architect,8333.33,0,0,1100.0,1233.33,10666.66,FINANCE_RESTRICTED_PERSONAL,True
2026-08,E039,Jade Santos,Data & AI,Senior Data Architect,8333.33,0,0,1100.0,1233.33,10666.66,FINANCE_RESTRICTED_PERSONAL,True
2026-09,E039,Jade Santos,Data & AI,Senior Data Architect,8333.33,197.36,0,1126.05,1233.33,10890.07,FINANCE_RESTRICTED_PERSONAL,True
2026-10,E039,Jade Santos,Data & AI,Senior Data Architect,8333.33,0,0,1100.0,1233.33,10666.66,FINANCE_RESTRICTED_PERSONAL,True
2026-11,E039,Jade Santos,Data & AI,Senior Data Architect,8333.33,226.22,0,1129.86,1233.33,10922.74,FINANCE_RESTRICTED_PERSONAL,True
2026-12,E039,Jade Santos,Data & AI,Senior Data Architect,8333.33,0,12242.87,2716.06,1233.33,24525.59,FINANCE_RESTRICTED_PERSONAL,True
2026-01,E040,Adam Klein,Data & AI,Senior AI Engineer,7666.67,0,0,1012.0,983.33,9662.0,FINANCE_RESTRICTED_PERSONAL,True
2026-02,E040,Adam Klein,Data & AI,Senior AI Engineer,7666.67,0,0,1012.0,983.33,9662.0,FINANCE_RESTRICTED_PERSONAL,True
2026-03,E040,Adam Klein,Data & AI,Senior AI Engineer,7666.67,202.76,0,1038.76,983.33,9891.52,FINANCE_RESTRICTED_PERSONAL,True
2026-04,E040,Adam Klein,Data & AI,Senior AI Engineer,7666.67,0,0,1012.0,983.33,9662.0,FINANCE_RESTRICTED_PERSONAL,True
2026-05,E040,Adam Klein,Data & AI,Senior AI Engineer,7666.67,0,0,1012.0,983.33,9662.0,FINANCE_RESTRICTED_PERSONAL,True
2026-06,E040,Adam Klein,Data & AI,Senior AI Engineer,7666.67,180.56,0,1035.83,983.33,9866.39,FINANCE_RESTRICTED_PERSONAL,True
2026-07,E040,Adam Klein,Data & AI,Senior AI Engineer,7666.67,0,0,1012.0,983.33,9662.0,FINANCE_RESTRICTED_PERSONAL,True
2026-08,E040,Adam Klein,Data & AI,Senior AI Engineer,7666.67,0,0,1012.0,983.33,9662.0,FINANCE_RESTRICTED_PERSONAL,True
2026-09,E040,Adam Klein,Data & AI,Senior AI Engineer,7666.67,149.71,0,1031.76,983.33,9831.47,FINANCE_RESTRICTED_PERSONAL,True
2026-10,E040,Adam Klein,Data & AI,Senior AI Engineer,7666.67,0,0,1012.0,983.33,9662.0,FINANCE_RESTRICTED_PERSONAL,True
2026-11,E040,Adam Klein,Data & AI,Senior AI Engineer,7666.67,238.37,0,1043.46,983.33,9931.83,FINANCE_RESTRICTED_PERSONAL,True
2026-12,E040,Adam Klein,Data & AI,Senior AI Engineer,7666.67,0,9667.21,2288.07,983.33,20605.28,FINANCE_RESTRICTED_PERSONAL,True
2026-01,E041,Zoé Marques,Data & AI,Data Engineer,6333.33,0,0,836.0,383.33,7552.66,FINANCE_RESTRICTED_PERSONAL,True
2026-02,E041,Zoé Marques,Data & AI,Data Engineer,6333.33,0,0,836.0,383.33,7552.66,FINANCE_RESTRICTED_PERSONAL,True
2026-03,E041,Zoé Marques,Data & AI,Data Engineer,6333.33,195.16,0,861.76,383.33,7773.58,FINANCE_RESTRICTED_PERSONAL,True
2026-04,E041,Zoé Marques,Data & AI,Data Engineer,6333.33,0,0,836.0,383.33,7552.66,FINANCE_RESTRICTED_PERSONAL,True
2026-05,E041,Zoé Marques,Data & AI,Data Engineer,6333.33,0,0,836.0,383.33,7552.66,FINANCE_RESTRICTED_PERSONAL,True
2026-06,E041,Zoé Marques,Data & AI,Data Engineer,6333.33,214.6,0,864.33,383.33,7795.59,FINANCE_RESTRICTED_PERSONAL,True
2026-07,E041,Zoé Marques,Data & AI,Data Engineer,6333.33,0,0,836.0,383.33,7552.66,FINANCE_RESTRICTED_PERSONAL,True
2026-08,E041,Zoé Marques,Data & AI,Data Engineer,6333.33,0,0,836.0,383.33,7552.66,FINANCE_RESTRICTED_PERSONAL,True
2026-09,E041,Zoé Marques,Data & AI,Data Engineer,6333.33,180.23,0,859.79,383.33,7756.68,FINANCE_RESTRICTED_PERSONAL,True
2026-10,E041,Zoé Marques,Data & AI,Data Engineer,6333.33,0,0,836.0,383.33,7552.66,FINANCE_RESTRICTED_PERSONAL,True
2026-11,E041,Zoé Marques,Data & AI,Data Engineer,6333.33,103.61,0,849.68,383.33,7669.95,FINANCE_RESTRICTED_PERSONAL,True
2026-12,E041,Zoé Marques,Data & AI,Data Engineer,6333.33,0,5368.53,1544.65,383.33,13629.84,FINANCE_RESTRICTED_PERSONAL,True
2026-01,E042,Samuel Jung,Data & AI,ML Engineer,6666.67,0,0,880.0,883.33,8430.0,FINANCE_RESTRICTED_PERSONAL,True
2026-02,E042,Samuel Jung,Data & AI,ML Engineer,6666.67,0,0,880.0,883.33,8430.0,FINANCE_RESTRICTED_PERSONAL,True
2026-03,E042,Samuel Jung,Data & AI,ML Engineer,6666.67,201.9,0,906.65,883.33,8658.55,FINANCE_RESTRICTED_PERSONAL,True
2026-04,E042,Samuel Jung,Data & AI,ML Engineer,6666.67,0,0,880.0,883.33,8430.0,FINANCE_RESTRICTED_PERSONAL,True
2026-05,E042,Samuel Jung,Data & AI,ML Engineer,6666.67,0,0,880.0,883.33,8430.0,FINANCE_RESTRICTED_PERSONAL,True
2026-06,E042,Samuel Jung,Data & AI,ML Engineer,6666.67,116.75,0,895.41,883.33,8562.16,FINANCE_RESTRICTED_PERSONAL,True
2026-07,E042,Samuel Jung,Data & AI,ML Engineer,6666.67,0,0,880.0,883.33,8430.0,FINANCE_RESTRICTED_PERSONAL,True
2026-08,E042,Samuel Jung,Data & AI,ML Engineer,6666.67,0,0,880.0,883.33,8430.0,FINANCE_RESTRICTED_PERSONAL,True
2026-09,E042,Samuel Jung,Data & AI,ML Engineer,6666.67,97.0,0,892.8,883.33,8539.8,FINANCE_RESTRICTED_PERSONAL,True
2026-10,E042,Samuel Jung,Data & AI,ML Engineer,6666.67,0,0,880.0,883.33,8430.0,FINANCE_RESTRICTED_PERSONAL,True
2026-11,E042,Samuel Jung,Data & AI,ML Engineer,6666.67,115.84,0,895.29,883.33,8561.13,FINANCE_RESTRICTED_PERSONAL,True
2026-12,E042,Samuel Jung,Data & AI,ML Engineer,6666.67,0,5773.61,1642.12,883.33,14965.73,FINANCE_RESTRICTED_PERSONAL,True
2026-01,E043,Manon Franco,Data & AI,Data Scientist,6500.0,0,0,858.0,883.33,8241.33,FINANCE_RESTRICTED_PERSONAL,True
2026-02,E043,Manon Franco,Data & AI,Data Scientist,6500.0,0,0,858.0,883.33,8241.33,FINANCE_RESTRICTED_PERSONAL,True
2026-03,E043,Manon Franco,Data & AI,Data Scientist,6500.0,126.31,0,874.67,883.33,8384.31,FINANCE_RESTRICTED_PERSONAL,True
2026-04,E043,Manon Franco,Data & AI,Data Scientist,6500.0,0,0,858.0,883.33,8241.33,FINANCE_RESTRICTED_PERSONAL,True
2026-05,E043,Manon Franco,Data & AI,Data Scientist,6500.0,0,0,858.0,883.33,8241.33,FINANCE_RESTRICTED_PERSONAL,True
2026-06,E043,Manon Franco,Data & AI,Data Scientist,6500.0,198.95,0,884.26,883.33,8466.54,FINANCE_RESTRICTED_PERSONAL,True
2026-07,E043,Manon Franco,Data & AI,Data Scientist,6500.0,0,0,858.0,883.33,8241.33,FINANCE_RESTRICTED_PERSONAL,True
2026-08,E043,Manon Franco,Data & AI,Data Scientist,6500.0,0,0,858.0,883.33,8241.33,FINANCE_RESTRICTED_PERSONAL,True
2026-09,E043,Manon Franco,Data & AI,Data Scientist,6500.0,72.21,0,867.53,883.33,8323.07,FINANCE_RESTRICTED_PERSONAL,True
2026-10,E043,Manon Franco,Data & AI,Data Scientist,6500.0,0,0,858.0,883.33,8241.33,FINANCE_RESTRICTED_PERSONAL,True
2026-11,E043,Manon Franco,Data & AI,Data Scientist,6500.0,209.32,0,885.63,883.33,8478.28,FINANCE_RESTRICTED_PERSONAL,True
2026-12,E043,Manon Franco,Data & AI,Data Scientist,6500.0,0,5138.24,1536.25,883.33,14057.82,FINANCE_RESTRICTED_PERSONAL,True
2026-01,E044,Yanis Vidal,Cloud & Platform,Cloud Architect,8083.33,0,0,1067.0,1233.33,10383.66,FINANCE_RESTRICTED_PERSONAL,True
2026-02,E044,Yanis Vidal,Cloud & Platform,Cloud Architect,8083.33,0,0,1067.0,1233.33,10383.66,FINANCE_RESTRICTED_PERSONAL,True
2026-03,E044,Yanis Vidal,Cloud & Platform,Cloud Architect,8083.33,250.78,0,1100.1,1233.33,10667.54,FINANCE_RESTRICTED_PERSONAL,True
2026-04,E044,Yanis Vidal,Cloud & Platform,Cloud Architect,8083.33,0,0,1067.0,1233.33,10383.66,FINANCE_RESTRICTED_PERSONAL,True
2026-05,E044,Yanis Vidal,Cloud & Platform,Cloud Architect,8083.33,0,0,1067.0,1233.33,10383.66,FINANCE_RESTRICTED_PERSONAL,True
2026-06,E044,Yanis Vidal,Cloud & Platform,Cloud Architect,8083.33,105.85,0,1080.97,1233.33,10503.48,FINANCE_RESTRICTED_PERSONAL,True
2026-07,E044,Yanis Vidal,Cloud & Platform,Cloud Architect,8083.33,0,0,1067.0,1233.33,10383.66,FINANCE_RESTRICTED_PERSONAL,True
2026-08,E044,Yanis Vidal,Cloud & Platform,Cloud Architect,8083.33,0,0,1067.0,1233.33,10383.66,FINANCE_RESTRICTED_PERSONAL,True
2026-09,E044,Yanis Vidal,Cloud & Platform,Cloud Architect,8083.33,80.87,0,1077.67,1233.33,10475.2,FINANCE_RESTRICTED_PERSONAL,True
2026-10,E044,Yanis Vidal,Cloud & Platform,Cloud Architect,8083.33,0,0,1067.0,1233.33,10383.66,FINANCE_RESTRICTED_PERSONAL,True
2026-11,E044,Yanis Vidal,Cloud & Platform,Cloud Architect,8083.33,269.05,0,1102.51,1233.33,10688.22,FINANCE_RESTRICTED_PERSONAL,True
2026-12,E044,Yanis Vidal,Cloud & Platform,Cloud Architect,8083.33,0,11026.94,2522.56,1233.33,22866.16,FINANCE_RESTRICTED_PERSONAL,True
2026-01,E045,Louise Carvalho,Cloud & Platform,DevOps Engineer,6500.0,0,0,858.0,883.33,8241.33,FINANCE_RESTRICTED_PERSONAL,True
2026-02,E045,Louise Carvalho,Cloud & Platform,DevOps Engineer,6500.0,0,0,858.0,883.33,8241.33,FINANCE_RESTRICTED_PERSONAL,True
2026-03,E045,Louise Carvalho,Cloud & Platform,DevOps Engineer,6500.0,134.75,0,875.79,883.33,8393.87,FINANCE_RESTRICTED_PERSONAL,True
2026-04,E045,Louise Carvalho,Cloud & Platform,DevOps Engineer,6500.0,0,0,858.0,883.33,8241.33,FINANCE_RESTRICTED_PERSONAL,True
2026-05,E045,Louise Carvalho,Cloud & Platform,DevOps Engineer,6500.0,0,0,858.0,883.33,8241.33,FINANCE_RESTRICTED_PERSONAL,True
2026-06,E045,Louise Carvalho,Cloud & Platform,DevOps Engineer,6500.0,109.69,0,872.48,883.33,8365.5,FINANCE_RESTRICTED_PERSONAL,True
2026-07,E045,Louise Carvalho,Cloud & Platform,DevOps Engineer,6500.0,0,0,858.0,883.33,8241.33,FINANCE_RESTRICTED_PERSONAL,True
2026-08,E045,Louise Carvalho,Cloud & Platform,DevOps Engineer,6500.0,0,0,858.0,883.33,8241.33,FINANCE_RESTRICTED_PERSONAL,True
2026-09,E045,Louise Carvalho,Cloud & Platform,DevOps Engineer,6500.0,217.06,0,886.65,883.33,8487.04,FINANCE_RESTRICTED_PERSONAL,True
2026-10,E045,Louise Carvalho,Cloud & Platform,DevOps Engineer,6500.0,0,0,858.0,883.33,8241.33,FINANCE_RESTRICTED_PERSONAL,True
2026-11,E045,Louise Carvalho,Cloud & Platform,DevOps Engineer,6500.0,77.62,0,868.25,883.33,8329.2,FINANCE_RESTRICTED_PERSONAL,True
2026-12,E045,Louise Carvalho,Cloud & Platform,DevOps Engineer,6500.0,0,5663.62,1605.6,883.33,14652.55,FINANCE_RESTRICTED_PERSONAL,True
2026-01,E046,Alexandre Blanc,Cloud & Platform,Platform Engineer,6333.33,0,0,836.0,383.33,7552.66,FINANCE_RESTRICTED_PERSONAL,True
2026-02,E046,Alexandre Blanc,Cloud & Platform,Platform Engineer,6333.33,0,0,836.0,383.33,7552.66,FINANCE_RESTRICTED_PERSONAL,True
2026-03,E046,Alexandre Blanc,Cloud & Platform,Platform Engineer,6333.33,158.42,0,856.91,383.33,7731.99,FINANCE_RESTRICTED_PERSONAL,True
2026-04,E046,Alexandre Blanc,Cloud & Platform,Platform Engineer,6333.33,0,0,836.0,383.33,7552.66,FINANCE_RESTRICTED_PERSONAL,True
2026-05,E046,Alexandre Blanc,Cloud & Platform,Platform Engineer,6333.33,0,0,836.0,383.33,7552.66,FINANCE_RESTRICTED_PERSONAL,True
2026-06,E046,Alexandre Blanc,Cloud & Platform,Platform Engineer,6333.33,147.99,0,855.53,383.33,7720.18,FINANCE_RESTRICTED_PERSONAL,True
2026-07,E046,Alexandre Blanc,Cloud & Platform,Platform Engineer,6333.33,0,0,836.0,383.33,7552.66,FINANCE_RESTRICTED_PERSONAL,True
2026-08,E046,Alexandre Blanc,Cloud & Platform,Platform Engineer,6333.33,0,0,836.0,383.33,7552.66,FINANCE_RESTRICTED_PERSONAL,True
2026-09,E046,Alexandre Blanc,Cloud & Platform,Platform Engineer,6333.33,197.47,0,862.07,383.33,7776.2,FINANCE_RESTRICTED_PERSONAL,True
2026-10,E046,Alexandre Blanc,Cloud & Platform,Platform Engineer,6333.33,0,0,836.0,383.33,7552.66,FINANCE_RESTRICTED_PERSONAL,True
2026-11,E046,Alexandre Blanc,Cloud & Platform,Platform Engineer,6333.33,143.31,0,854.92,383.33,7714.89,FINANCE_RESTRICTED_PERSONAL,True
2026-12,E046,Alexandre Blanc,Cloud & Platform,Platform Engineer,6333.33,0,5925.44,1618.16,383.33,14260.26,FINANCE_RESTRICTED_PERSONAL,True
2026-01,E047,Mia Nowak,Cybersecurity,Security Architect,9916.67,0,0,1309.0,1233.33,12459.0,FINANCE_RESTRICTED_PERSONAL,True
2026-02,E047,Mia Nowak,Cybersecurity,Security Architect,9916.67,0,0,1309.0,1233.33,12459.0,FINANCE_RESTRICTED_PERSONAL,True
2026-03,E047,Mia Nowak,Cybersecurity,Security Architect,9916.67,0,0,1309.0,1233.33,12459.0,FINANCE_RESTRICTED_PERSONAL,True
2026-04,E047,Mia Nowak,Cybersecurity,Security Architect,9916.67,0,0,1309.0,1233.33,12459.0,FINANCE_RESTRICTED_PERSONAL,True
2026-05,E047,Mia Nowak,Cybersecurity,Security Architect,9916.67,0,0,1309.0,1233.33,12459.0,FINANCE_RESTRICTED_PERSONAL,True
2026-06,E047,Mia Nowak,Cybersecurity,Security Architect,9916.67,0,0,1309.0,1233.33,12459.0,FINANCE_RESTRICTED_PERSONAL,True
2026-07,E047,Mia Nowak,Cybersecurity,Security Architect,9916.67,0,0,1309.0,1233.33,12459.0,FINANCE_RESTRICTED_PERSONAL,True
2026-08,E047,Mia Nowak,Cybersecurity,Security Architect,9916.67,0,0,1309.0,1233.33,12459.0,FINANCE_RESTRICTED_PERSONAL,True
2026-09,E047,Mia Nowak,Cybersecurity,Security Architect,9916.67,0,0,1309.0,1233.33,12459.0,FINANCE_RESTRICTED_PERSONAL,True
2026-10,E047,Mia Nowak,Cybersecurity,Security Architect,9916.67,0,0,1309.0,1233.33,12459.0,FINANCE_RESTRICTED_PERSONAL,True
2026-11,E047,Mia Nowak,Cybersecurity,Security Architect,9916.67,0,0,1309.0,1233.33,12459.0,FINANCE_RESTRICTED_PERSONAL,True
2026-12,E047,Mia Nowak,Cybersecurity,Security Architect,9916.67,0,14593.38,3235.33,1233.33,28978.71,FINANCE_RESTRICTED_PERSONAL,True
2026-01,E048,Raphaël Meyer,Cybersecurity,Security Engineer,7750.0,0,0,1023.0,983.33,9756.33,FINANCE_RESTRICTED_PERSONAL,True
2026-02,E048,Raphaël Meyer,Cybersecurity,Security Engineer,7750.0,0,0,1023.0,983.33,9756.33,FINANCE_RESTRICTED_PERSONAL,True
2026-03,E048,Raphaël Meyer,Cybersecurity,Security Engineer,7750.0,0,0,1023.0,983.33,9756.33,FINANCE_RESTRICTED_PERSONAL,True
2026-04,E048,Raphaël Meyer,Cybersecurity,Security Engineer,7750.0,0,0,1023.0,983.33,9756.33,FINANCE_RESTRICTED_PERSONAL,True
2026-05,E048,Raphaël Meyer,Cybersecurity,Security Engineer,7750.0,0,0,1023.0,983.33,9756.33,FINANCE_RESTRICTED_PERSONAL,True
2026-06,E048,Raphaël Meyer,Cybersecurity,Security Engineer,7750.0,0,0,1023.0,983.33,9756.33,FINANCE_RESTRICTED_PERSONAL,True
2026-07,E048,Raphaël Meyer,Cybersecurity,Security Engineer,7750.0,0,0,1023.0,983.33,9756.33,FINANCE_RESTRICTED_PERSONAL,True
2026-08,E048,Raphaël Meyer,Cybersecurity,Security Engineer,7750.0,0,0,1023.0,983.33,9756.33,FINANCE_RESTRICTED_PERSONAL,True
2026-09,E048,Raphaël Meyer,Cybersecurity,Security Engineer,7750.0,0,0,1023.0,983.33,9756.33,FINANCE_RESTRICTED_PERSONAL,True
2026-10,E048,Raphaël Meyer,Cybersecurity,Security Engineer,7750.0,0,0,1023.0,983.33,9756.33,FINANCE_RESTRICTED_PERSONAL,True
2026-11,E048,Raphaël Meyer,Cybersecurity,Security Engineer,7750.0,0,0,1023.0,983.33,9756.33,FINANCE_RESTRICTED_PERSONAL,True
2026-12,E048,Raphaël Meyer,Cybersecurity,Security Engineer,7750.0,0,6131.04,1832.3,983.33,16696.67,FINANCE_RESTRICTED_PERSONAL,True
2026-01,E049,Nora Aydin,Consulting,Senior Business Consultant,7750.0,0,0,1023.0,983.33,9756.33,FINANCE_RESTRICTED_PERSONAL,True
2026-02,E049,Nora Aydin,Consulting,Senior Business Consultant,7750.0,0,0,1023.0,983.33,9756.33,FINANCE_RESTRICTED_PERSONAL,True
2026-03,E049,Nora Aydin,Consulting,Senior Business Consultant,7750.0,0,0,1023.0,983.33,9756.33,FINANCE_RESTRICTED_PERSONAL,True
2026-04,E049,Nora Aydin,Consulting,Senior Business Consultant,7750.0,0,0,1023.0,983.33,9756.33,FINANCE_RESTRICTED_PERSONAL,True
2026-05,E049,Nora Aydin,Consulting,Senior Business Consultant,7750.0,0,0,1023.0,983.33,9756.33,FINANCE_RESTRICTED_PERSONAL,True
2026-06,E049,Nora Aydin,Consulting,Senior Business Consultant,7750.0,0,0,1023.0,983.33,9756.33,FINANCE_RESTRICTED_PERSONAL,True
2026-07,E049,Nora Aydin,Consulting,Senior Business Consultant,7750.0,0,0,1023.0,983.33,9756.33,FINANCE_RESTRICTED_PERSONAL,True
2026-08,E049,Nora Aydin,Consulting,Senior Business Consultant,7750.0,0,0,1023.0,983.33,9756.33,FINANCE_RESTRICTED_PERSONAL,True
2026-09,E049,Nora Aydin,Consulting,Senior Business Consultant,7750.0,0,0,1023.0,983.33,9756.33,FINANCE_RESTRICTED_PERSONAL,True
2026-10,E049,Nora Aydin,Consulting,Senior Business Consultant,7750.0,0,0,1023.0,983.33,9756.33,FINANCE_RESTRICTED_PERSONAL,True
2026-11,E049,Nora Aydin,Consulting,Senior Business Consultant,7750.0,0,0,1023.0,983.33,9756.33,FINANCE_RESTRICTED_PERSONAL,True
2026-12,E049,Nora Aydin,Consulting,Senior Business Consultant,7750.0,0,7878.68,2062.99,983.33,18675.0,FINANCE_RESTRICTED_PERSONAL,True
2026-01,E050,Mathis Girard,Consulting,Business Consultant,5500.0,0,0,726.0,383.33,6609.33,FINANCE_RESTRICTED_PERSONAL,True
2026-02,E050,Mathis Girard,Consulting,Business Consultant,5500.0,0,0,726.0,383.33,6609.33,FINANCE_RESTRICTED_PERSONAL,True
2026-03,E050,Mathis Girard,Consulting,Business Consultant,5500.0,0,0,726.0,383.33,6609.33,FINANCE_RESTRICTED_PERSONAL,True
2026-04,E050,Mathis Girard,Consulting,Business Consultant,5500.0,0,0,726.0,383.33,6609.33,FINANCE_RESTRICTED_PERSONAL,True
2026-05,E050,Mathis Girard,Consulting,Business Consultant,5500.0,0,0,726.0,383.33,6609.33,FINANCE_RESTRICTED_PERSONAL,True
2026-06,E050,Mathis Girard,Consulting,Business Consultant,5500.0,0,0,726.0,383.33,6609.33,FINANCE_RESTRICTED_PERSONAL,True
2026-07,E050,Mathis Girard,Consulting,Business Consultant,5500.0,0,0,726.0,383.33,6609.33,FINANCE_RESTRICTED_PERSONAL,True
2026-08,E050,Mathis Girard,Consulting,Business Consultant,5500.0,0,0,726.0,383.33,6609.33,FINANCE_RESTRICTED_PERSONAL,True
2026-09,E050,Mathis Girard,Consulting,Business Consultant,5500.0,0,0,726.0,383.33,6609.33,FINANCE_RESTRICTED_PERSONAL,True
2026-10,E050,Mathis Girard,Consulting,Business Consultant,5500.0,0,0,726.0,383.33,6609.33,FINANCE_RESTRICTED_PERSONAL,True
2026-11,E050,Mathis Girard,Consulting,Business Consultant,5500.0,0,0,726.0,383.33,6609.33,FINANCE_RESTRICTED_PERSONAL,True
2026-12,E050,Mathis Girard,Consulting,Business Consultant,5500.0,0,4513.89,1321.83,383.33,11719.05,FINANCE_RESTRICTED_PERSONAL,True
